{
  "type": "FeatureCollection",
  "generator": "overpass-turbo",
  "copyright": "The data included in this document is from www.openstreetmap.org. The data is made available under ODbL.",
  "timestamp": "2025-07-25T13:47:15Z",
  "features": [
    {
      "type": "Feature",
      "properties": {
        "@id": "way/89006532",
        "landuse": "residential"
      },
      "geometry": {
        "type": "Polygon",
        "coordinates": [
          [
            [
              10.3037158,
              36.9022768
            ],
            [
              10.3028673,
              36.902733
            ],
            [
              10.3028057,
              36.9027122
            ],
            [
              10.3018905,
              36.9017967
            ],
            [
              10.3018954,
              36.9017728
            ],
            [
              10.3023327,
              36.9015561
            ],
            [
              10.302472,
              36.9015094
            ],
            [
              10.3025814,
              36.9014846
            ],
            [
              10.3027257,
              36.9014597
            ],
            [
              10.3028587,
              36.9014597
            ],
            [
              10.3029832,
              36.9014642
            ],
            [
              10.3030578,
              36.901507
            ],
            [
              10.3037254,
              36.9022157
            ],
            [
              10.3037158,
              36.9022768
            ]
          ]
        ]
      },
      "id": "way/89006532"
    },
    {
      "type": "Feature",
      "properties": {
        "@id": "way/128242990",
        "access": "designated",
        "amenity": "parking",
        "parking": "surface"
      },
      "geometry": {
        "type": "Polygon",
        "coordinates": [
          [
            [
              10.3119267,
              36.9142627
            ],
            [
              10.3120162,
              36.9142335
            ],
            [
              10.3125796,
              36.91405
            ],
            [
              10.3127182,
              36.9143219
            ],
            [
              10.312364,
              36.9144373
            ],
            [
              10.3124337,
              36.9145741
            ],
            [
              10.3120385,
              36.9147028
            ],
            [
              10.3120013,
              36.9146298
            ],
            [
              10.3119275,
              36.9144872
            ],
            [
              10.3118963,
              36.9144238
            ],
            [
              10.3119928,
              36.9143923
            ],
            [
              10.3119267,
              36.9142627
            ]
          ]
        ]
      },
      "id": "way/128242990"
    },
    {
      "type": "Feature",
      "properties": {
        "@id": "way/129000074",
        "amenity": "parking",
        "parking": "surface"
      },
      "geometry": {
        "type": "Polygon",
        "coordinates": [
          [
            [
              10.3080036,
              36.9011297
            ],
            [
              10.3079452,
              36.9010767
            ],
            [
              10.308096,
              36.9009703
            ],
            [
              10.3081545,
              36.9010232
            ],
            [
              10.3080036,
              36.9011297
            ]
          ]
        ]
      },
      "id": "way/129000074"
    },
    {
      "type": "Feature",
      "properties": {
        "@id": "way/129000077",
        "amenity": "parking",
        "parking": "surface"
      },
      "geometry": {
        "type": "Polygon",
        "coordinates": [
          [
            [
              10.3130935,
              36.8980827
            ],
            [
              10.3131737,
              36.897925
            ],
            [
              10.3133116,
              36.8978843
            ],
            [
              10.3134567,
              36.8978412
            ],
            [
              10.3136209,
              36.8978903
            ],
            [
              10.3136318,
              36.8979105
            ],
            [
              10.3130935,
              36.8980827
            ]
          ]
        ]
      },
      "id": "way/129000077"
    },
    {
      "type": "Feature",
      "properties": {
        "@id": "way/208578686",
        "access": "permissive",
        "amenity": "parking",
        "parking": "surface"
      },
      "geometry": {
        "type": "Polygon",
        "coordinates": [
          [
            [
              10.2827883,
              36.917437
            ],
            [
              10.2826864,
              36.9173512
            ],
            [
              10.2827239,
              36.9173126
            ],
            [
              10.282563,
              36.9171753
            ],
            [
              10.282953,
              36.9169097
            ],
            [
              10.2832121,
              36.9171268
            ],
            [
              10.2827883,
              36.917437
            ]
          ]
        ]
      },
      "id": "way/208578686"
    },
    {
      "type": "Feature",
      "properties": {
        "@id": "way/211913311",
        "access": "private",
        "amenity": "parking",
        "parking": "surface"
      },
      "geometry": {
        "type": "Polygon",
        "coordinates": [
          [
            [
              10.2907949,
              36.9027555
            ],
            [
              10.2907791,
              36.9027467
            ],
            [
              10.2907612,
              36.9027366
            ],
            [
              10.2911595,
              36.9023123
            ],
            [
              10.2911903,
              36.9023316
            ],
            [
              10.2907949,
              36.9027555
            ]
          ]
        ]
      },
      "id": "way/211913311"
    },
    {
      "type": "Feature",
      "properties": {
        "@id": "way/211913312",
        "access": "private",
        "amenity": "parking",
        "parking": "surface"
      },
      "geometry": {
        "type": "Polygon",
        "coordinates": [
          [
            [
              10.2913753,
              36.903076
            ],
            [
              10.291363,
              36.9030693
            ],
            [
              10.2913453,
              36.9030598
            ],
            [
              10.2917244,
              36.9026786
            ],
            [
              10.2917568,
              36.9026987
            ],
            [
              10.2913753,
              36.903076
            ]
          ]
        ]
      },
      "id": "way/211913312"
    },
    {
      "type": "Feature",
      "properties": {
        "@id": "way/775818150",
        "access": "yes",
        "amenity": "parking",
        "fee": "no",
        "parking": "surface"
      },
      "geometry": {
        "type": "Polygon",
        "coordinates": [
          [
            [
              10.2947957,
              36.9026635
            ],
            [
              10.2944471,
              36.9023291
            ],
            [
              10.2945559,
              36.9022601
            ],
            [
              10.294898,
              36.9025934
            ],
            [
              10.2947957,
              36.9026635
            ]
          ]
        ]
      },
      "id": "way/775818150"
    },
    {
      "type": "Feature",
      "properties": {
        "@id": "way/775818151",
        "access": "yes",
        "amenity": "parking",
        "fee": "no",
        "parking": "street_side"
      },
      "geometry": {
        "type": "Polygon",
        "coordinates": [
          [
            [
              10.2953643,
              36.9030683
            ],
            [
              10.2951792,
              36.9029557
            ],
            [
              10.2950625,
              36.9028764
            ],
            [
              10.2949472,
              36.9027895
            ],
            [
              10.2950178,
              36.9027179
            ],
            [
              10.2954443,
              36.9029817
            ],
            [
              10.2953643,
              36.9030683
            ]
          ]
        ]
      },
      "id": "way/775818151"
    },
    {
      "type": "Feature",
      "properties": {
        "@id": "way/803614076",
        "access": "private",
        "amenity": "parking"
      },
      "geometry": {
        "type": "Polygon",
        "coordinates": [
          [
            [
              10.2898912,
              36.9096034
            ],
            [
              10.2898899,
              36.9094677
            ],
            [
              10.2899972,
              36.909468
            ],
            [
              10.2901272,
              36.9094682
            ],
            [
              10.2901255,
              36.9094315
            ],
            [
              10.2905189,
              36.9095708
            ],
            [
              10.2904598,
              36.9096774
            ],
            [
              10.2901269,
              36.9095594
            ],
            [
              10.2901259,
              36.9095971
            ],
            [
              10.2900429,
              36.9095958
            ],
            [
              10.2900414,
              36.9096529
            ],
            [
              10.2899571,
              36.9096516
            ],
            [
              10.2899583,
              36.9096044
            ],
            [
              10.2898912,
              36.9096034
            ]
          ]
        ]
      },
      "id": "way/803614076"
    },
    {
      "type": "Feature",
      "properties": {
        "@id": "way/1017544507",
        "amenity": "parking",
        "parking": "street_side"
      },
      "geometry": {
        "type": "Polygon",
        "coordinates": [
          [
            [
              10.3099447,
              36.9053669
            ],
            [
              10.310207,
              36.9049275
            ],
            [
              10.3102258,
              36.9049347
            ],
            [
              10.3099635,
              36.9053741
            ],
            [
              10.3099447,
              36.9053669
            ]
          ]
        ]
      },
      "id": "way/1017544507"
    },
    {
      "type": "Feature",
      "properties": {
        "@id": "way/26280329",
        "access": "private",
        "highway": "service",
        "lanes": "1"
      },
      "geometry": {
        "type": "LineString",
        "coordinates": [
          [
            10.2898241,
            36.9155996
          ],
          [
            10.2908481,
            36.9152092
          ],
          [
            10.2917701,
            36.9148758
          ],
          [
            10.2926871,
            36.9147058
          ]
        ]
      },
      "id": "way/26280329"
    },
    {
      "type": "Feature",
      "properties": {
        "@id": "way/26280373",
        "highway": "tertiary",
        "lanes": "2",
        "name": "شارع البيئة",
        "name:ar": "شارع البيئة",
        "name:fr": "Boulevard de l'Environnement",
        "surface": "asphalt",
        "width": "7.7"
      },
      "geometry": {
        "type": "LineString",
        "coordinates": [
          [
            10.2991727,
            36.9049403
          ],
          [
            10.2990992,
            36.9049418
          ],
          [
            10.2990275,
            36.9049295
          ],
          [
            10.2986963,
            36.9048155
          ],
          [
            10.2983961,
            36.904706
          ],
          [
            10.2982968,
            36.9046579
          ],
          [
            10.2976573,
            36.9043381
          ],
          [
            10.2974272,
            36.904223
          ],
          [
            10.2967533,
            36.9038942
          ],
          [
            10.2965628,
            36.9037915
          ],
          [
            10.2956344,
            36.9032912
          ],
          [
            10.295406,
            36.9031718
          ],
          [
            10.295206,
            36.9030673
          ],
          [
            10.2950198,
            36.9029378
          ],
          [
            10.294789,
            36.9027505
          ],
          [
            10.2946227,
            36.9026036
          ],
          [
            10.2944244,
            36.9024248
          ],
          [
            10.2940831,
            36.9020315
          ],
          [
            10.2939957,
            36.9018999
          ],
          [
            10.293858,
            36.9016278
          ],
          [
            10.2937282,
            36.9013205
          ],
          [
            10.2935489,
            36.9008768
          ],
          [
            10.2934747,
            36.9006848
          ],
          [
            10.2933127,
            36.9002653
          ],
          [
            10.2929467,
            36.8992988
          ]
        ]
      },
      "id": "way/26280373"
    },
    {
      "type": "Feature",
      "properties": {
        "@id": "way/26303368",
        "highway": "tertiary",
        "lanes": "2",
        "name": "Avenue de la Promenade",
        "name:fr": "Avenue de la Promenade",
        "postal_code": "2070"
      },
      "geometry": {
        "type": "LineString",
        "coordinates": [
          [
            10.3147667,
            36.8969869
          ],
          [
            10.3148793,
            36.8970593
          ],
          [
            10.3149591,
            36.8971301
          ],
          [
            10.3150074,
            36.8971821
          ],
          [
            10.3150557,
            36.8972535
          ],
          [
            10.3150704,
            36.8972931
          ],
          [
            10.3150664,
            36.8973312
          ],
          [
            10.315057,
            36.8973982
          ],
          [
            10.3150222,
            36.897572
          ],
          [
            10.3149766,
            36.8978026
          ],
          [
            10.3149216,
            36.8981855
          ],
          [
            10.3148881,
            36.8988354
          ],
          [
            10.3148478,
            36.8993309
          ],
          [
            10.3148156,
            36.9000065
          ],
          [
            10.3147655,
            36.9007486
          ],
          [
            10.3147586,
            36.9008516
          ],
          [
            10.3147177,
            36.9010446
          ],
          [
            10.3146661,
            36.901265
          ],
          [
            10.3146078,
            36.90142
          ],
          [
            10.31453,
            36.9015798
          ],
          [
            10.3144851,
            36.9016715
          ],
          [
            10.3141733,
            36.902257
          ],
          [
            10.3140774,
            36.9024313
          ],
          [
            10.3140197,
            36.9025439
          ],
          [
            10.3139714,
            36.9026485
          ],
          [
            10.313905,
            36.9028538
          ],
          [
            10.3138293,
            36.9030887
          ],
          [
            10.3137662,
            36.9032308
          ],
          [
            10.3137052,
            36.9033343
          ],
          [
            10.3136395,
            36.9034244
          ],
          [
            10.313563,
            36.90353
          ],
          [
            10.3134618,
            36.9036362
          ],
          [
            10.3133947,
            36.9036887
          ],
          [
            10.313297,
            36.903749
          ],
          [
            10.3131252,
            36.9038083
          ],
          [
            10.3129267,
            36.9038694
          ],
          [
            10.3121737,
            36.9040539
          ],
          [
            10.3119484,
            36.9040989
          ],
          [
            10.3116587,
            36.904189
          ],
          [
            10.3114039,
            36.9042726
          ],
          [
            10.3111839,
            36.904397
          ],
          [
            10.3109311,
            36.9045643
          ],
          [
            10.3106529,
            36.9048249
          ],
          [
            10.3105429,
            36.9049493
          ],
          [
            10.3104423,
            36.9050662
          ],
          [
            10.3103565,
            36.9051895
          ],
          [
            10.3102425,
            36.9053922
          ],
          [
            10.3101808,
            36.9055241
          ],
          [
            10.3101312,
            36.9056474
          ],
          [
            10.3101157,
            36.9056903
          ],
          [
            10.3100661,
            36.9058812
          ],
          [
            10.3100346,
            36.9060737
          ],
          [
            10.3100024,
            36.9065992
          ],
          [
            10.309993,
            36.9070233
          ],
          [
            10.3099873,
            36.9076873
          ],
          [
            10.3099796,
            36.9080635
          ],
          [
            10.309987,
            36.9084671
          ],
          [
            10.3100029,
            36.9086886
          ],
          [
            10.3100279,
            36.9088774
          ],
          [
            10.3100896,
            36.9090865
          ],
          [
            10.310154,
            36.9092484
          ],
          [
            10.3102284,
            36.9093959
          ],
          [
            10.3103095,
            36.9095417
          ],
          [
            10.3103752,
            36.9096366
          ],
          [
            10.3104537,
            36.9097406
          ],
          [
            10.3105717,
            36.9098827
          ],
          [
            10.3107501,
            36.9100639
          ],
          [
            10.311029,
            36.910347
          ],
          [
            10.3111672,
            36.9104794
          ],
          [
            10.3112912,
            36.9106071
          ],
          [
            10.311432,
            36.9107561
          ],
          [
            10.31154,
            36.9108869
          ],
          [
            10.3116942,
            36.9110901
          ],
          [
            10.3119054,
            36.9114209
          ],
          [
            10.3121133,
            36.9117877
          ],
          [
            10.3123493,
            36.9122841
          ],
          [
            10.312595,
            36.9127951
          ],
          [
            10.3126189,
            36.9128439
          ],
          [
            10.3127275,
            36.9130899
          ],
          [
            10.3128791,
            36.9133811
          ],
          [
            10.3129609,
            36.9135902
          ],
          [
            10.3130339,
            36.9137998
          ],
          [
            10.3130548,
            36.9139365
          ],
          [
            10.3130669,
            36.9140606
          ],
          [
            10.3130634,
            36.9141436
          ]
        ]
      },
      "id": "way/26303368"
    },
    {
      "type": "Feature",
      "properties": {
        "@id": "way/71402031",
        "highway": "residential",
        "name": "Avenue Abdelaziz Bou Jemaa",
        "oneway": "no",
        "surface": "asphalt"
      },
      "geometry": {
        "type": "LineString",
        "coordinates": [
          [
            10.308208,
            36.917493
          ],
          [
            10.3084225,
            36.9174436
          ],
          [
            10.3088132,
            36.91728
          ],
          [
            10.3095232,
            36.9169191
          ],
          [
            10.3101687,
            36.9166203
          ],
          [
            10.3107427,
            36.9163437
          ],
          [
            10.3112242,
            36.916126
          ],
          [
            10.3113811,
            36.916051
          ],
          [
            10.3117593,
            36.915873
          ],
          [
            10.3120825,
            36.9157025
          ],
          [
            10.3122354,
            36.9156081
          ],
          [
            10.3123641,
            36.9154923
          ],
          [
            10.3124888,
            36.9153776
          ],
          [
            10.3125921,
            36.9152811
          ]
        ]
      },
      "id": "way/71402031"
    },
    {
      "type": "Feature",
      "properties": {
        "@id": "way/84850573",
        "highway": "residential",
        "lanes": "2",
        "name": "نهج عمرو بن العاص",
        "name:ar": "نهج عمرو بن العاص",
        "name:fr": "Rue Omr Ibn El Ass",
        "surface": "asphalt",
        "width": "5.8"
      },
      "geometry": {
        "type": "LineString",
        "coordinates": [
          [
            10.2945092,
            36.904574
          ],
          [
            10.2944919,
            36.9045161
          ],
          [
            10.2944965,
            36.904456
          ],
          [
            10.2947338,
            36.9040577
          ],
          [
            10.294854,
            36.9038764
          ],
          [
            10.2950005,
            36.9036252
          ],
          [
            10.295406,
            36.9031718
          ]
        ]
      },
      "id": "way/84850573"
    },
    {
      "type": "Feature",
      "properties": {
        "@id": "way/84850575",
        "highway": "residential",
        "lanes": "1",
        "lit": "yes",
        "name": "نهج صخر قريش",
        "name:ar": "نهج صخر قريش",
        "name:fr": "Rue Sakhr Kouraiech",
        "surface": "asphalt"
      },
      "geometry": {
        "type": "LineString",
        "coordinates": [
          [
            10.2932806,
            36.9028291
          ],
          [
            10.2939317,
            36.9032584
          ],
          [
            10.2935097,
            36.903712
          ],
          [
            10.2933861,
            36.9038427
          ]
        ]
      },
      "id": "way/84850575"
    },
    {
      "type": "Feature",
      "properties": {
        "@id": "way/84850577",
        "highway": "residential",
        "lit": "yes",
        "name": "نهج معاوية ابن ابي سفيان",
        "name:ar": "نهج معاوية ابن ابي سفيان",
        "name:fr": "Rue Mouaouia Ibn Abi Souffiane",
        "surface": "asphalt",
        "width": "6.6"
      },
      "geometry": {
        "type": "LineString",
        "coordinates": [
          [
            10.2976573,
            36.9043381
          ],
          [
            10.2972452,
            36.9048571
          ],
          [
            10.2971761,
            36.9048158
          ],
          [
            10.2970942,
            36.9047847
          ],
          [
            10.2970614,
            36.9047772
          ],
          [
            10.2970232,
            36.9047756
          ],
          [
            10.2969857,
            36.9047772
          ],
          [
            10.2969447,
            36.9047916
          ],
          [
            10.2969096,
            36.9048259
          ]
        ]
      },
      "id": "way/84850577"
    },
    {
      "type": "Feature",
      "properties": {
        "@id": "way/84850588",
        "highway": "residential",
        "lanes": "2",
        "lit": "yes",
        "name": "نهج الخليل ابن أحمد",
        "name:ar": "نهج الخليل ابن أحمد",
        "name:fr": "Rue Khalil Ben Ahmed",
        "surface": "concrete"
      },
      "geometry": {
        "type": "LineString",
        "coordinates": [
          [
            10.2954363,
            36.9051862
          ],
          [
            10.2958087,
            36.9047131
          ],
          [
            10.2959624,
            36.9045179
          ]
        ]
      },
      "id": "way/84850588"
    },
    {
      "type": "Feature",
      "properties": {
        "@id": "way/84850600",
        "highway": "residential",
        "lanes": "2",
        "lit": "yes",
        "name": "زنقة الطبري",
        "name:ar": "زنقة الطبري",
        "name:fr": "Impasse Al Tabari",
        "surface": "asphalt"
      },
      "geometry": {
        "type": "LineString",
        "coordinates": [
          [
            10.2953148,
            36.9044128
          ],
          [
            10.2956625,
            36.9040164
          ],
          [
            10.2957599,
            36.9039054
          ]
        ]
      },
      "id": "way/84850600"
    },
    {
      "type": "Feature",
      "properties": {
        "@id": "way/84850602",
        "highway": "residential",
        "lanes": "2",
        "lit": "yes",
        "name": "نهج يزيد بن أبي سفيان",
        "name:ar": "نهج يزيد بن أبي سفيان",
        "name:fr": "Rue Yazid Ibn Abi Sofiane",
        "surface": "asphalt"
      },
      "geometry": {
        "type": "LineString",
        "coordinates": [
          [
            10.2958087,
            36.9047131
          ],
          [
            10.2953148,
            36.9044128
          ],
          [
            10.2947338,
            36.9040577
          ],
          [
            10.2943429,
            36.9038099
          ]
        ]
      },
      "id": "way/84850602"
    },
    {
      "type": "Feature",
      "properties": {
        "@id": "way/84850603",
        "highway": "residential",
        "lit": "yes",
        "name": "نهج ابو عبيد الثقفي",
        "name:ar": "نهج ابو عبيد الثقفي",
        "name:fr": "Rue Abou Oubeid Ethakafi",
        "surface": "asphalt",
        "width": "5.3"
      },
      "geometry": {
        "type": "LineString",
        "coordinates": [
          [
            10.2963279,
            36.9045125
          ],
          [
            10.2969096,
            36.9048259
          ]
        ]
      },
      "id": "way/84850603"
    },
    {
      "type": "Feature",
      "properties": {
        "@id": "way/84850606",
        "highway": "residential",
        "lit": "yes",
        "name": "نهج بشارة الخوري",
        "name:ar": "نهج بشارة الخوري",
        "name:fr": "Rue Bichara El Khouri",
        "sidewalk": "both",
        "surface": "asphalt",
        "width": "4.7"
      },
      "geometry": {
        "type": "LineString",
        "coordinates": [
          [
            10.2967533,
            36.9038942
          ],
          [
            10.2963279,
            36.9045125
          ],
          [
            10.2960887,
            36.9048472
          ],
          [
            10.2959841,
            36.9050244
          ],
          [
            10.2957679,
            36.9052468
          ],
          [
            10.2955555,
            36.9054237
          ]
        ]
      },
      "id": "way/84850606"
    },
    {
      "type": "Feature",
      "properties": {
        "@id": "way/84853368",
        "highway": "residential",
        "lit": "yes",
        "name": "نهج الامام يحيى",
        "name:ar": "نهج الامام يحيى",
        "name:fr": "Rue El Imam Yahia",
        "postal_code": "1057",
        "surface": "asphalt"
      },
      "geometry": {
        "type": "LineString",
        "coordinates": [
          [
            10.3007742,
            36.9055395
          ],
          [
            10.3004222,
            36.9059509
          ],
          [
            10.3002044,
            36.9062046
          ],
          [
            10.3000447,
            36.9064088
          ],
          [
            10.2997724,
            36.906783
          ]
        ]
      },
      "id": "way/84853368"
    },
    {
      "type": "Feature",
      "properties": {
        "@id": "way/84853369",
        "highway": "residential",
        "lit": "yes",
        "name": "نهج محمد إدريس",
        "name:ar": "نهج محمد إدريس",
        "name:fr": "Rue Mohamed Idriss",
        "surface": "asphalt"
      },
      "geometry": {
        "type": "LineString",
        "coordinates": [
          [
            10.299574,
            36.9058672
          ],
          [
            10.2991985,
            36.905687
          ],
          [
            10.2985381,
            36.9053277
          ]
        ]
      },
      "id": "way/84853369"
    },
    {
      "type": "Feature",
      "properties": {
        "@id": "way/84853375",
        "highway": "residential",
        "lit": "yes",
        "name": "نهج محمد بن قاسم",
        "name:ar": "نهج محمد بن قاسم",
        "name:fr": "Rue Mohamed Ibn Kacem",
        "surface": "asphalt"
      },
      "geometry": {
        "type": "LineString",
        "coordinates": [
          [
            10.2958048,
            36.9078635
          ],
          [
            10.29636,
            36.9080626
          ],
          [
            10.2969208,
            36.9082936
          ],
          [
            10.2976474,
            36.9085988
          ],
          [
            10.2976205,
            36.9086573
          ],
          [
            10.297628,
            36.9087283
          ],
          [
            10.297628,
            36.9087648
          ],
          [
            10.2976129,
            36.9088
          ],
          [
            10.2979456,
            36.9090434
          ],
          [
            10.2982775,
            36.9092257
          ]
        ]
      },
      "id": "way/84853375"
    },
    {
      "type": "Feature",
      "properties": {
        "@id": "way/84853377",
        "highway": "residential",
        "lit": "yes",
        "name": "نهج الملك فيصل",
        "name:ar": "نهج الملك فيصل",
        "name:fr": "Rue Roi Fayçal",
        "postal_code": "1057",
        "surface": "asphalt"
      },
      "geometry": {
        "type": "LineString",
        "coordinates": [
          [
            10.2996665,
            36.9065515
          ],
          [
            10.2992233,
            36.9063268
          ],
          [
            10.2992325,
            36.9062603
          ],
          [
            10.299502,
            36.9059486
          ],
          [
            10.299574,
            36.9058672
          ],
          [
            10.2997195,
            36.9056981
          ],
          [
            10.29987,
            36.9055233
          ],
          [
            10.3000668,
            36.9052887
          ]
        ]
      },
      "id": "way/84853377"
    },
    {
      "type": "Feature",
      "properties": {
        "@id": "way/84853378",
        "highway": "residential",
        "name": "Rue Houssine Ibn Ali",
        "name:fr": "Rue Houssine Ibn Ali"
      },
      "geometry": {
        "type": "LineString",
        "coordinates": [
          [
            10.2980779,
            36.9072132
          ],
          [
            10.2982167,
            36.9068453
          ],
          [
            10.2983603,
            36.9066019
          ],
          [
            10.2985812,
            36.9063279
          ],
          [
            10.2989021,
            36.905996
          ],
          [
            10.2991985,
            36.905687
          ],
          [
            10.2994572,
            36.9053768
          ],
          [
            10.2996062,
            36.9051306
          ]
        ]
      },
      "id": "way/84853378"
    },
    {
      "type": "Feature",
      "properties": {
        "@id": "way/84877733",
        "highway": "residential",
        "lit": "yes",
        "name": "نهج زهير بن قيس البلوي",
        "name:ar": "نهج زهير بن قيس البلوي",
        "name:fr": "Rue Zouhair Ibn Kais Elbalaoui",
        "postal_code": "1057",
        "surface": "asphalt"
      },
      "geometry": {
        "type": "LineString",
        "coordinates": [
          [
            10.2908783,
            36.914733
          ],
          [
            10.290478,
            36.9142582
          ],
          [
            10.2903783,
            36.9141166
          ],
          [
            10.2902344,
            36.9139176
          ],
          [
            10.2900447,
            36.9136551
          ],
          [
            10.2888404,
            36.9121924
          ]
        ]
      },
      "id": "way/84877733"
    },
    {
      "type": "Feature",
      "properties": {
        "@id": "way/84877736",
        "access": "no",
        "highway": "service",
        "surface": "asphalt"
      },
      "geometry": {
        "type": "LineString",
        "coordinates": [
          [
            10.2833305,
            36.9149362
          ],
          [
            10.2827751,
            36.915333
          ],
          [
            10.2827039,
            36.9154478
          ]
        ]
      },
      "id": "way/84877736"
    },
    {
      "type": "Feature",
      "properties": {
        "@id": "way/84877737",
        "access": "private",
        "highway": "service"
      },
      "geometry": {
        "type": "LineString",
        "coordinates": [
          [
            10.2835257,
            36.9169809
          ],
          [
            10.2831307,
            36.9166366
          ]
        ]
      },
      "id": "way/84877737"
    },
    {
      "type": "Feature",
      "properties": {
        "@id": "way/84877742",
        "access": "private",
        "highway": "service",
        "surface": "asphalt"
      },
      "geometry": {
        "type": "LineString",
        "coordinates": [
          [
            10.2820423,
            36.9174864
          ],
          [
            10.2820812,
            36.91766
          ],
          [
            10.2821358,
            36.9177736
          ],
          [
            10.2822124,
            36.9178402
          ],
          [
            10.282321,
            36.917848
          ],
          [
            10.2824581,
            36.9177834
          ],
          [
            10.2829533,
            36.9174126
          ],
          [
            10.2835257,
            36.9169809
          ],
          [
            10.2841724,
            36.9164808
          ],
          [
            10.2842104,
            36.91641
          ],
          [
            10.2841871,
            36.9163184
          ],
          [
            10.2838994,
            36.9160193
          ],
          [
            10.2836672,
            36.915792
          ],
          [
            10.2835665,
            36.9157538
          ],
          [
            10.282916,
            36.9156689
          ]
        ]
      },
      "id": "way/84877742"
    },
    {
      "type": "Feature",
      "properties": {
        "@id": "way/84877746",
        "access": "private",
        "highway": "service",
        "surface": "asphalt"
      },
      "geometry": {
        "type": "LineString",
        "coordinates": [
          [
            10.2823672,
            36.9172126
          ],
          [
            10.2824331,
            36.9168786
          ],
          [
            10.2824447,
            36.91682
          ],
          [
            10.2826395,
            36.9158384
          ]
        ]
      },
      "id": "way/84877746"
    },
    {
      "type": "Feature",
      "properties": {
        "@id": "way/84877747",
        "access": "private",
        "highway": "service"
      },
      "geometry": {
        "type": "LineString",
        "coordinates": [
          [
            10.2820423,
            36.9174864
          ],
          [
            10.2823672,
            36.9172126
          ],
          [
            10.2826795,
            36.916977
          ],
          [
            10.2831307,
            36.9166366
          ],
          [
            10.2838994,
            36.9160193
          ]
        ]
      },
      "id": "way/84877747"
    },
    {
      "type": "Feature",
      "properties": {
        "@id": "way/84877758",
        "highway": "residential",
        "lit": "yes",
        "name": "Rue Houdhaifa Ibn Alimene",
        "surface": "asphalt"
      },
      "geometry": {
        "type": "LineString",
        "coordinates": [
          [
            10.2944134,
            36.9152071
          ],
          [
            10.2941244,
            36.9149519
          ],
          [
            10.2939554,
            36.9147996
          ],
          [
            10.2933654,
            36.9142925
          ]
        ]
      },
      "id": "way/84877758"
    },
    {
      "type": "Feature",
      "properties": {
        "@id": "way/84877766",
        "access": "private",
        "highway": "service",
        "surface": "asphalt"
      },
      "geometry": {
        "type": "LineString",
        "coordinates": [
          [
            10.2836672,
            36.915792
          ],
          [
            10.2840258,
            36.9155709
          ],
          [
            10.2841333,
            36.9156865
          ]
        ]
      },
      "id": "way/84877766"
    },
    {
      "type": "Feature",
      "properties": {
        "@id": "way/85363140",
        "highway": "residential",
        "lanes": "2",
        "lit": "yes",
        "name": "زنقة البيئة",
        "name:ar": "زنقة البيئة",
        "name:fr": "Impasse de l'Environnement",
        "surface": "asphalt"
      },
      "geometry": {
        "type": "LineString",
        "coordinates": [
          [
            10.2945886,
            36.9033661
          ],
          [
            10.2943376,
            36.9032068
          ],
          [
            10.294789,
            36.9027505
          ]
        ]
      },
      "id": "way/85363140"
    },
    {
      "type": "Feature",
      "properties": {
        "@id": "way/85363141",
        "highway": "living_street"
      },
      "geometry": {
        "type": "LineString",
        "coordinates": [
          [
            10.3079827,
            36.9031358
          ],
          [
            10.3081751,
            36.9032844
          ],
          [
            10.3083861,
            36.903444
          ],
          [
            10.3087043,
            36.9032426
          ],
          [
            10.3090153,
            36.9030244
          ]
        ]
      },
      "id": "way/85363141"
    },
    {
      "type": "Feature",
      "properties": {
        "@id": "way/85363142",
        "highway": "residential"
      },
      "geometry": {
        "type": "LineString",
        "coordinates": [
          [
            10.3078177,
            36.9021901
          ],
          [
            10.3071492,
            36.9014544
          ],
          [
            10.3071042,
            36.9014286
          ],
          [
            10.3070593,
            36.9014254
          ],
          [
            10.3070144,
            36.9014399
          ]
        ]
      },
      "id": "way/85363142"
    },
    {
      "type": "Feature",
      "properties": {
        "@id": "way/85363143",
        "highway": "residential",
        "name": "Rue Banou Jamaa"
      },
      "geometry": {
        "type": "LineString",
        "coordinates": [
          [
            10.302456,
            36.9049284
          ],
          [
            10.3028818,
            36.9047247
          ],
          [
            10.3030736,
            36.9046088
          ],
          [
            10.3030998,
            36.9045987
          ],
          [
            10.3031279,
            36.9045745
          ],
          [
            10.3032071,
            36.9045009
          ],
          [
            10.3032369,
            36.9044812
          ],
          [
            10.303257,
            36.9044828
          ],
          [
            10.3032839,
            36.9044965
          ],
          [
            10.3033854,
            36.9045703
          ],
          [
            10.3036783,
            36.9048735
          ]
        ]
      },
      "id": "way/85363143"
    },
    {
      "type": "Feature",
      "properties": {
        "@id": "way/85363144",
        "highway": "residential",
        "name": "Rue Ben Jaouer"
      },
      "geometry": {
        "type": "LineString",
        "coordinates": [
          [
            10.3017874,
            36.9059606
          ],
          [
            10.3019216,
            36.9057236
          ],
          [
            10.3019511,
            36.9056743
          ],
          [
            10.3020523,
            36.905582
          ],
          [
            10.3021518,
            36.905495
          ],
          [
            10.3021831,
            36.9054689
          ],
          [
            10.3022032,
            36.9054437
          ],
          [
            10.3023109,
            36.9052883
          ],
          [
            10.3023355,
            36.9052422
          ]
        ]
      },
      "id": "way/85363144"
    },
    {
      "type": "Feature",
      "properties": {
        "@id": "way/85363145",
        "highway": "tertiary",
        "name": "نهج حسان بن النعمان",
        "name:ar": "نهج حسان بن النعمان",
        "name:fr": "Rue Hassen Ibn Nooman",
        "postal_code": "1057"
      },
      "geometry": {
        "type": "LineString",
        "coordinates": [
          [
            10.3031155,
            36.9065289
          ],
          [
            10.3032321,
            36.9064804
          ],
          [
            10.3033381,
            36.9064496
          ],
          [
            10.3034123,
            36.906426
          ],
          [
            10.3034893,
            36.9063754
          ],
          [
            10.3035725,
            36.9063091
          ],
          [
            10.3036909,
            36.9062367
          ],
          [
            10.3038883,
            36.9061295
          ],
          [
            10.3039419,
            36.9060973
          ],
          [
            10.3043799,
            36.90584
          ],
          [
            10.3044126,
            36.9058227
          ],
          [
            10.3049619,
            36.9055708
          ],
          [
            10.305165,
            36.9054818
          ],
          [
            10.3053863,
            36.9054061
          ],
          [
            10.3055419,
            36.9053515
          ],
          [
            10.3057364,
            36.9052603
          ],
          [
            10.3058812,
            36.9052002
          ],
          [
            10.3061816,
            36.9049257
          ],
          [
            10.3062997,
            36.9048045
          ],
          [
            10.3065531,
            36.9045236
          ],
          [
            10.3066497,
            36.9044506
          ],
          [
            10.3070671,
            36.9041734
          ],
          [
            10.3073591,
            36.9039531
          ],
          [
            10.3075676,
            36.9037885
          ],
          [
            10.3075884,
            36.9037531
          ],
          [
            10.3076079,
            36.9037043
          ],
          [
            10.3076675,
            36.903485
          ],
          [
            10.3076963,
            36.9034039
          ],
          [
            10.3079827,
            36.9031358
          ],
          [
            10.3082074,
            36.9029592
          ],
          [
            10.3083295,
            36.9028908
          ],
          [
            10.3086579,
            36.9027102
          ],
          [
            10.3091535,
            36.90242
          ]
        ]
      },
      "id": "way/85363145"
    },
    {
      "type": "Feature",
      "properties": {
        "@id": "way/85363146",
        "highway": "residential",
        "name": "Rue Banou Oumaya",
        "name:fr": "Rue Banou Oumaya",
        "postal_code": "1057"
      },
      "geometry": {
        "type": "LineString",
        "coordinates": [
          [
            10.3030783,
            36.9042373
          ],
          [
            10.302676,
            36.9043692
          ],
          [
            10.3023072,
            36.904529
          ],
          [
            10.3021838,
            36.9046201
          ],
          [
            10.3017949,
            36.9048335
          ],
          [
            10.301418,
            36.9050126
          ],
          [
            10.3012141,
            36.9051102
          ],
          [
            10.30108,
            36.9051317
          ]
        ]
      },
      "id": "way/85363146"
    },
    {
      "type": "Feature",
      "properties": {
        "@id": "way/85363147",
        "highway": "residential",
        "lanes": "1",
        "lit": "yes",
        "name": "زنقة الزركشي",
        "name:ar": "زنقة الزركشي",
        "name:fr": "Impasse Zarkachi",
        "surface": "concrete"
      },
      "geometry": {
        "type": "LineString",
        "coordinates": [
          [
            10.2936228,
            36.9040056
          ],
          [
            10.2941373,
            36.9034387
          ]
        ]
      },
      "id": "way/85363147"
    },
    {
      "type": "Feature",
      "properties": {
        "@id": "way/85363149",
        "highway": "residential",
        "lit": "yes",
        "name": "نهج محمد الخامس",
        "name:ar": "نهج محمد الخامس",
        "name:fr": "Rue Mohamed V",
        "surface": "asphalt"
      },
      "geometry": {
        "type": "LineString",
        "coordinates": [
          [
            10.2981644,
            36.9056541
          ],
          [
            10.298531,
            36.9058467
          ],
          [
            10.298042,
            36.9063902
          ],
          [
            10.2976936,
            36.9060958
          ]
        ]
      },
      "id": "way/85363149"
    },
    {
      "type": "Feature",
      "properties": {
        "@id": "way/85363150",
        "highway": "residential",
        "lit": "yes",
        "name": "نهج الصقر",
        "name:ar": "نهج الصقر",
        "name:fr": "Rue du Faucon",
        "postal_code": "1057",
        "surface": "asphalt"
      },
      "geometry": {
        "type": "LineString",
        "coordinates": [
          [
            10.3039917,
            36.9027471
          ],
          [
            10.3043584,
            36.9030305
          ],
          [
            10.3049384,
            36.9035344
          ],
          [
            10.3053448,
            36.9038715
          ],
          [
            10.3057618,
            36.9040603
          ],
          [
            10.3058624,
            36.9041183
          ],
          [
            10.3066497,
            36.9044506
          ]
        ]
      },
      "id": "way/85363150"
    },
    {
      "type": "Feature",
      "properties": {
        "@id": "way/85363152",
        "highway": "residential",
        "lit": "yes",
        "name": "نهج الفرات",
        "name:ar": "نهج الفرات",
        "name:fr": "Rue de l'Euphrate",
        "surface": "asphalt"
      },
      "geometry": {
        "type": "LineString",
        "coordinates": [
          [
            10.2974272,
            36.904223
          ],
          [
            10.2980794,
            36.9031635
          ],
          [
            10.297447,
            36.9028913
          ],
          [
            10.297396,
            36.9028828
          ],
          [
            10.2973266,
            36.902881
          ],
          [
            10.2972365,
            36.9028946
          ],
          [
            10.2971504,
            36.9029166
          ],
          [
            10.2970636,
            36.9029594
          ],
          [
            10.2970095,
            36.9030041
          ],
          [
            10.2965628,
            36.9037915
          ]
        ]
      },
      "id": "way/85363152"
    },
    {
      "type": "Feature",
      "properties": {
        "@id": "way/85363154",
        "highway": "tertiary",
        "lane_markings": "no",
        "name": "نهج عبد الكريم الخطابي",
        "name:ar": "نهج عبد الكريم الخطابي",
        "name:fr": "Rue Abdelkarim El Khatabi",
        "surface": "asphalt"
      },
      "geometry": {
        "type": "LineString",
        "coordinates": [
          [
            10.295489,
            36.9053641
          ],
          [
            10.2954706,
            36.9054149
          ],
          [
            10.2952081,
            36.9057924
          ],
          [
            10.2950222,
            36.9060572
          ],
          [
            10.294833,
            36.906356
          ],
          [
            10.2945956,
            36.9065787
          ],
          [
            10.2944871,
            36.9066973
          ],
          [
            10.2940336,
            36.9072907
          ],
          [
            10.2938196,
            36.9075829
          ],
          [
            10.2937516,
            36.9077029
          ],
          [
            10.2935187,
            36.9081221
          ],
          [
            10.2934935,
            36.9081633
          ],
          [
            10.293355,
            36.9084027
          ],
          [
            10.2931632,
            36.9087282
          ],
          [
            10.293035,
            36.90893
          ],
          [
            10.2929488,
            36.9090483
          ],
          [
            10.2928271,
            36.9092102
          ],
          [
            10.2925949,
            36.9095351
          ],
          [
            10.2924845,
            36.9096871
          ],
          [
            10.2924102,
            36.909788
          ],
          [
            10.2922486,
            36.9100074
          ],
          [
            10.2920806,
            36.910384
          ],
          [
            10.2919887,
            36.9105459
          ],
          [
            10.2917677,
            36.9108668
          ],
          [
            10.2917151,
            36.9109405
          ],
          [
            10.2916387,
            36.9110231
          ],
          [
            10.2915341,
            36.911111
          ],
          [
            10.291408,
            36.9112022
          ],
          [
            10.2912283,
            36.9113062
          ],
          [
            10.2910767,
            36.9113823
          ],
          [
            10.290425,
            36.9116021
          ],
          [
            10.2901695,
            36.9117169
          ],
          [
            10.2899253,
            36.911826
          ],
          [
            10.2893227,
            36.9120536
          ],
          [
            10.2891026,
            36.9121221
          ],
          [
            10.2888404,
            36.9121924
          ],
          [
            10.2886269,
            36.9122329
          ],
          [
            10.2882949,
            36.9123088
          ],
          [
            10.2880366,
            36.9123849
          ],
          [
            10.2874993,
            36.9126386
          ],
          [
            10.2872573,
            36.9127549
          ],
          [
            10.2869885,
            36.9129088
          ],
          [
            10.2867433,
            36.913096
          ],
          [
            10.2862008,
            36.913511
          ],
          [
            10.2860147,
            36.9136514
          ],
          [
            10.2858478,
            36.9137875
          ],
          [
            10.2857378,
            36.9138529
          ],
          [
            10.28552,
            36.9139287
          ],
          [
            10.2852242,
            36.9140577
          ],
          [
            10.2847776,
            36.9142475
          ],
          [
            10.2843458,
            36.9145413
          ],
          [
            10.2838613,
            36.9147911
          ]
        ]
      },
      "id": "way/85363154"
    },
    {
      "type": "Feature",
      "properties": {
        "@id": "way/85363156",
        "highway": "residential",
        "name": "نهج الشحرور",
        "name:ar": "نهج الشحرور",
        "name:fr": "Rue du Merle",
        "postal_code": "1057",
        "surface": "asphalt"
      },
      "geometry": {
        "type": "LineString",
        "coordinates": [
          [
            10.3043584,
            36.9030305
          ],
          [
            10.3054254,
            36.9023748
          ],
          [
            10.3065275,
            36.9017161
          ],
          [
            10.3070144,
            36.9014399
          ]
        ]
      },
      "id": "way/85363156"
    },
    {
      "type": "Feature",
      "properties": {
        "@id": "way/85363157",
        "highway": "residential",
        "lit": "yes",
        "name": "زنقة العلاء بن مغيث",
        "name:ar": "زنقة العلاء بن مغيث",
        "name:fr": "Impasse El Ala Ibn Moughith",
        "surface": "dirt"
      },
      "geometry": {
        "type": "LineString",
        "coordinates": [
          [
            10.2941901,
            36.9056213
          ],
          [
            10.2949679,
            36.9048524
          ]
        ]
      },
      "id": "way/85363157"
    },
    {
      "type": "Feature",
      "properties": {
        "@id": "way/85363158",
        "highway": "residential",
        "lit": "yes",
        "name": "زنقة بن تومرت",
        "name:ar": "زنقة بن تومرت",
        "name:fr": "Impasse Ibn Toumirt",
        "postal_code": "1057",
        "surface": "concrete",
        "width": "3.4"
      },
      "geometry": {
        "type": "LineString",
        "coordinates": [
          [
            10.2926353,
            36.9042376
          ],
          [
            10.2929279,
            36.903885
          ]
        ]
      },
      "id": "way/85363158"
    },
    {
      "type": "Feature",
      "properties": {
        "@id": "way/85363159",
        "highway": "residential",
        "name": "نهج سعد بن أبي وقاص",
        "name:ar": "نهج سعد بن أبي وقاص",
        "name:fr": "Rue Saad Ibn Abi Wakkas"
      },
      "geometry": {
        "type": "LineString",
        "coordinates": [
          [
            10.2982775,
            36.9092257
          ],
          [
            10.2984997,
            36.9088968
          ],
          [
            10.2988056,
            36.9084452
          ],
          [
            10.2991168,
            36.9080083
          ]
        ]
      },
      "id": "way/85363159"
    },
    {
      "type": "Feature",
      "properties": {
        "@id": "way/85363160",
        "highway": "residential",
        "name": "نهج البطة",
        "name:ar": "نهج البطة",
        "name:fr": "Rue du Canard",
        "postal_code": "1057"
      },
      "geometry": {
        "type": "LineString",
        "coordinates": [
          [
            10.3086029,
            36.9015372
          ],
          [
            10.3083529,
            36.9017417
          ],
          [
            10.3078177,
            36.9021901
          ],
          [
            10.3074959,
            36.9024839
          ],
          [
            10.3071919,
            36.9027983
          ],
          [
            10.3071486,
            36.9028431
          ],
          [
            10.3068575,
            36.9031015
          ],
          [
            10.3064014,
            36.9034394
          ],
          [
            10.3063169,
            36.9034955
          ],
          [
            10.306189,
            36.9035804
          ],
          [
            10.3061045,
            36.9036721
          ],
          [
            10.3059925,
            36.903819
          ],
          [
            10.3057618,
            36.9040603
          ]
        ]
      },
      "id": "way/85363160"
    },
    {
      "type": "Feature",
      "properties": {
        "@id": "way/85363161",
        "highway": "residential",
        "noname": "yes",
        "postal_code": "1057",
        "surface": "dirt"
      },
      "geometry": {
        "type": "LineString",
        "coordinates": [
          [
            10.2953736,
            36.9064485
          ],
          [
            10.2952731,
            36.9064764
          ],
          [
            10.2951926,
            36.906485
          ],
          [
            10.2951204,
            36.9064861
          ],
          [
            10.2950474,
            36.9064662
          ],
          [
            10.294833,
            36.906356
          ]
        ]
      },
      "id": "way/85363161"
    },
    {
      "type": "Feature",
      "properties": {
        "@id": "way/85363162",
        "highway": "residential",
        "lanes": "2",
        "name": "نهج العلاء بن مغيث",
        "name:ar": "نهج العلاء بن مغيث",
        "name:fr": "Rue El Ala Ibn Moughith",
        "surface": "asphalt",
        "width": "6.6"
      },
      "geometry": {
        "type": "LineString",
        "coordinates": [
          [
            10.295489,
            36.9053641
          ],
          [
            10.2954363,
            36.9051862
          ],
          [
            10.2952924,
            36.9050674
          ],
          [
            10.295206,
            36.9050029
          ],
          [
            10.2949679,
            36.9048524
          ],
          [
            10.2945092,
            36.904574
          ]
        ]
      },
      "id": "way/85363162"
    },
    {
      "type": "Feature",
      "properties": {
        "@id": "way/85363163",
        "highway": "residential",
        "name": "Rue Banou Marin"
      },
      "geometry": {
        "type": "LineString",
        "coordinates": [
          [
            10.3097181,
            36.903657
          ],
          [
            10.3095209,
            36.9034769
          ],
          [
            10.3092883,
            36.903264
          ],
          [
            10.3090153,
            36.9030244
          ],
          [
            10.3086579,
            36.9027102
          ]
        ]
      },
      "id": "way/85363163"
    },
    {
      "type": "Feature",
      "properties": {
        "@id": "way/85363164",
        "highway": "residential",
        "name": "Rue Hassen Ibn Noomane"
      },
      "geometry": {
        "type": "LineString",
        "coordinates": [
          [
            10.3031155,
            36.9065289
          ],
          [
            10.3029402,
            36.906664
          ],
          [
            10.3026163,
            36.9069884
          ],
          [
            10.3024252,
            36.9071747
          ],
          [
            10.3022388,
            36.9073733
          ],
          [
            10.3021372,
            36.9075447
          ],
          [
            10.3012059,
            36.9088431
          ]
        ]
      },
      "id": "way/85363164"
    },
    {
      "type": "Feature",
      "properties": {
        "@id": "way/85363165",
        "highway": "residential"
      },
      "geometry": {
        "type": "LineString",
        "coordinates": [
          [
            10.3092394,
            36.9037133
          ],
          [
            10.3095209,
            36.9034769
          ]
        ]
      },
      "id": "way/85363165"
    },
    {
      "type": "Feature",
      "properties": {
        "@id": "way/85363166",
        "highway": "residential",
        "lit": "yes",
        "name": "نهج حنبعل",
        "name:ar": "نهج حنبعل",
        "name:fr": "Rue Hannibal",
        "postal_code": "1057",
        "surface": "gravel"
      },
      "geometry": {
        "type": "LineString",
        "coordinates": [
          [
            10.2935755,
            36.9057066
          ],
          [
            10.2943511,
            36.9061146
          ],
          [
            10.294833,
            36.906356
          ]
        ]
      },
      "id": "way/85363166"
    },
    {
      "type": "Feature",
      "properties": {
        "@id": "way/85363168",
        "highway": "residential",
        "name": "Rue Banou Roud",
        "name:fr": "Rue Banou Roud",
        "postal_code": "1057"
      },
      "geometry": {
        "type": "LineString",
        "coordinates": [
          [
            10.3027122,
            36.9063099
          ],
          [
            10.3028436,
            36.9060796
          ],
          [
            10.3028383,
            36.905937
          ],
          [
            10.3028755,
            36.905725
          ],
          [
            10.3028879,
            36.9056512
          ],
          [
            10.3028718,
            36.905589
          ],
          [
            10.3028295,
            36.9055139
          ],
          [
            10.3027772,
            36.9054504
          ],
          [
            10.3027413,
            36.9053931
          ],
          [
            10.3025836,
            36.9050953
          ],
          [
            10.302456,
            36.9049284
          ],
          [
            10.3021838,
            36.9046201
          ]
        ]
      },
      "id": "way/85363168"
    },
    {
      "type": "Feature",
      "properties": {
        "@id": "way/85363169",
        "highway": "residential"
      },
      "geometry": {
        "type": "LineString",
        "coordinates": [
          [
            10.3046729,
            36.9046731
          ],
          [
            10.3046715,
            36.9047102
          ],
          [
            10.3039604,
            36.9053169
          ],
          [
            10.3044126,
            36.9058227
          ]
        ]
      },
      "id": "way/85363169"
    },
    {
      "type": "Feature",
      "properties": {
        "@id": "way/85892621",
        "highway": "residential",
        "name": "Rue Mouthanna Ibn El Haritha",
        "name:fr": "Rue Mouthanna Ibn El Haritha",
        "postal_code": "1057",
        "surface": "fine_gravel"
      },
      "geometry": {
        "type": "LineString",
        "coordinates": [
          [
            10.2839935,
            36.9132316
          ],
          [
            10.2828172,
            36.9140222
          ]
        ]
      },
      "id": "way/85892621"
    },
    {
      "type": "Feature",
      "properties": {
        "@id": "way/85892623",
        "highway": "residential",
        "lit": "yes",
        "name": "Rue Vagga",
        "surface": "dirt"
      },
      "geometry": {
        "type": "LineString",
        "coordinates": [
          [
            10.290425,
            36.9116021
          ],
          [
            10.2910293,
            36.9119153
          ],
          [
            10.2916024,
            36.9121694
          ],
          [
            10.292036,
            36.9123743
          ],
          [
            10.2926544,
            36.9126721
          ],
          [
            10.2927177,
            36.9127052
          ],
          [
            10.2929972,
            36.9128514
          ],
          [
            10.2932134,
            36.9126141
          ],
          [
            10.2933492,
            36.9126621
          ],
          [
            10.2942056,
            36.9129986
          ]
        ]
      },
      "id": "way/85892623"
    },
    {
      "type": "Feature",
      "properties": {
        "@id": "way/85892624",
        "bicycle": "yes",
        "cycleway": "no",
        "foot": "yes",
        "highway": "residential",
        "lanes": "2",
        "lit": "yes",
        "name": "نهج العلاء بن مغيث",
        "name:ar": "نهج العلاء بن مغيث",
        "name:fr": "Rue El Ala Ibn Moughith",
        "postal_code": "1057",
        "sidewalk": "no",
        "surface": "asphalt",
        "width": "6"
      },
      "geometry": {
        "type": "LineString",
        "coordinates": [
          [
            10.2923743,
            36.903647
          ],
          [
            10.2922221,
            36.9035788
          ],
          [
            10.2913365,
            36.9030961
          ],
          [
            10.2912589,
            36.9030535
          ],
          [
            10.2907517,
            36.9027753
          ],
          [
            10.2906597,
            36.9027251
          ],
          [
            10.2904265,
            36.9025913
          ],
          [
            10.290182,
            36.9024592
          ]
        ]
      },
      "id": "way/85892624"
    },
    {
      "type": "Feature",
      "properties": {
        "@id": "way/85892628",
        "highway": "residential",
        "noname": "yes",
        "surface": "asphalt",
        "width": "3.8"
      },
      "geometry": {
        "type": "LineString",
        "coordinates": [
          [
            10.2904351,
            36.9029757
          ],
          [
            10.2906597,
            36.9027251
          ]
        ]
      },
      "id": "way/85892628"
    },
    {
      "type": "Feature",
      "properties": {
        "@id": "way/85892630",
        "highway": "living_street",
        "lit": "no",
        "name": "Rue Abd Latif Ibn Younes Baghdadi",
        "surface": "ground"
      },
      "geometry": {
        "type": "LineString",
        "coordinates": [
          [
            10.2858478,
            36.9137875
          ],
          [
            10.2849413,
            36.9130667
          ]
        ]
      },
      "id": "way/85892630"
    },
    {
      "type": "Feature",
      "properties": {
        "@id": "way/85892631",
        "highway": "residential",
        "lanes": "1",
        "lit": "no",
        "name": "نهج قتيبة بن مسلم",
        "name:ar": "نهج قتيبة بن مسلم",
        "name:fr": "Rue Koutaiba Ibn Moslem",
        "surface": "asphalt"
      },
      "geometry": {
        "type": "LineString",
        "coordinates": [
          [
            10.2930431,
            36.9011936
          ],
          [
            10.2932945,
            36.9008153
          ],
          [
            10.29336,
            36.9007438
          ],
          [
            10.2934747,
            36.9006848
          ]
        ]
      },
      "id": "way/85892631"
    },
    {
      "type": "Feature",
      "properties": {
        "@id": "way/85892632",
        "highway": "residential",
        "lit": "yes",
        "name": "نهج شهاب الدين بن ماجد",
        "name:ar": "نهج شهاب الدين بن ماجد",
        "name:fr": "Rue Chihebeddine Ibn Majed",
        "surface": "asphalt",
        "width": "8"
      },
      "geometry": {
        "type": "LineString",
        "coordinates": [
          [
            10.2863136,
            36.9060981
          ],
          [
            10.2871853,
            36.906714
          ],
          [
            10.2876019,
            36.9070317
          ],
          [
            10.2880762,
            36.9074231
          ],
          [
            10.2886621,
            36.90792
          ],
          [
            10.2886784,
            36.9079314
          ],
          [
            10.289326,
            36.9083855
          ],
          [
            10.289698,
            36.9085861
          ],
          [
            10.2911334,
            36.9091193
          ],
          [
            10.2915208,
            36.9092821
          ],
          [
            10.2922757,
            36.9095916
          ],
          [
            10.2922904,
            36.909605
          ]
        ]
      },
      "id": "way/85892632"
    },
    {
      "type": "Feature",
      "properties": {
        "@id": "way/85892635",
        "highway": "residential",
        "lit": "yes",
        "name": "نهج نجيب محفوظ",
        "name:ar": "نهج نجيب محفوظ",
        "name:fr": "Rue Nejib Mahfoudh",
        "postal_code": "1057",
        "surface": "dirt"
      },
      "geometry": {
        "type": "LineString",
        "coordinates": [
          [
            10.2862008,
            36.913511
          ],
          [
            10.2851531,
            36.9127227
          ],
          [
            10.2849707,
            36.912624
          ],
          [
            10.2846515,
            36.9123647
          ]
        ]
      },
      "id": "way/85892635"
    },
    {
      "type": "Feature",
      "properties": {
        "@id": "way/85892640",
        "highway": "residential",
        "lit": "yes",
        "name": "زنقة فاطمة الفهرية",
        "name:ar": "زنقة فاطمة الفهرية",
        "name:fr": "Impasse Fatma el Fahria",
        "surface": "dirt"
      },
      "geometry": {
        "type": "LineString",
        "coordinates": [
          [
            10.2891494,
            36.9072174
          ],
          [
            10.2898503,
            36.9075466
          ]
        ]
      },
      "id": "way/85892640"
    },
    {
      "type": "Feature",
      "properties": {
        "@id": "way/85892643",
        "highway": "residential",
        "surface": "ground"
      },
      "geometry": {
        "type": "LineString",
        "coordinates": [
          [
            10.2905631,
            36.9127431
          ],
          [
            10.2907777,
            36.9123764
          ],
          [
            10.2910293,
            36.9119153
          ]
        ]
      },
      "id": "way/85892643"
    },
    {
      "type": "Feature",
      "properties": {
        "@id": "way/85892649",
        "highway": "residential",
        "lit": "yes",
        "name": "نهج المهلّب بن أبي صفرة",
        "name:ar": "نهج المهلّب بن أبي صفرة",
        "name:fr": "Rue Al-Muhallab ibn Abi Suffrah",
        "postal_code": "1057",
        "surface": "asphalt"
      },
      "geometry": {
        "type": "LineString",
        "coordinates": [
          [
            10.2846082,
            36.9131991
          ],
          [
            10.284331,
            36.9133815
          ],
          [
            10.2836809,
            36.9138094
          ],
          [
            10.283093,
            36.9142105
          ]
        ]
      },
      "id": "way/85892649"
    },
    {
      "type": "Feature",
      "properties": {
        "@id": "way/85892652",
        "highway": "residential",
        "lit": "yes",
        "name": "زنقة أروى القيروانية",
        "name:ar": "زنقة أروى القيروانية",
        "name:fr": "Impasse Aroua al Kairaouaniya",
        "surface": "dirt"
      },
      "geometry": {
        "type": "LineString",
        "coordinates": [
          [
            10.2901065,
            36.9071328
          ],
          [
            10.2894265,
            36.906805
          ]
        ]
      },
      "id": "way/85892652"
    },
    {
      "type": "Feature",
      "properties": {
        "@id": "way/87670339",
        "highway": "residential",
        "lit": "yes",
        "name": "نهج الجنة",
        "name:ar": "نهج الجنة",
        "name:fr": "Rue du Paradis",
        "surface": "asphalt"
      },
      "geometry": {
        "type": "LineString",
        "coordinates": [
          [
            10.2944026,
            36.9124868
          ],
          [
            10.2949699,
            36.9125474
          ],
          [
            10.2952402,
            36.9125929
          ],
          [
            10.2954252,
            36.91246
          ],
          [
            10.2955077,
            36.9123495
          ]
        ]
      },
      "id": "way/87670339"
    },
    {
      "type": "Feature",
      "properties": {
        "@id": "way/87670360",
        "highway": "residential",
        "name": "Rue Moauia Ibn Houdaij"
      },
      "geometry": {
        "type": "LineString",
        "coordinates": [
          [
            10.3014434,
            36.9060796
          ],
          [
            10.3019637,
            36.9062854
          ],
          [
            10.3021981,
            36.9063653
          ],
          [
            10.3025215,
            36.9064887
          ]
        ]
      },
      "id": "way/87670360"
    },
    {
      "type": "Feature",
      "properties": {
        "@id": "way/87670369",
        "highway": "residential",
        "lit": "yes",
        "name": "نهج البنفسج",
        "name:ar": "نهج البنفسج",
        "name:fr": "Rue des Violettes",
        "surface": "asphalt"
      },
      "geometry": {
        "type": "LineString",
        "coordinates": [
          [
            10.3004867,
            36.9090684
          ],
          [
            10.3010474,
            36.9093366
          ],
          [
            10.3015119,
            36.9095471
          ]
        ]
      },
      "id": "way/87670369"
    },
    {
      "type": "Feature",
      "properties": {
        "@id": "way/87670385",
        "highway": "residential",
        "lit": "yes",
        "surface": "dirt"
      },
      "geometry": {
        "type": "LineString",
        "coordinates": [
          [
            10.2900273,
            36.9126251
          ],
          [
            10.2898818,
            36.9125071
          ],
          [
            10.2893227,
            36.9120536
          ]
        ]
      },
      "id": "way/87670385"
    },
    {
      "type": "Feature",
      "properties": {
        "@id": "way/87670386",
        "highway": "living_street",
        "name": "Rue Hedi Kharif",
        "name:fr": "Rue Hedi Kharif"
      },
      "geometry": {
        "type": "LineString",
        "coordinates": [
          [
            10.3017843,
            36.9066208
          ],
          [
            10.3018715,
            36.9064557
          ],
          [
            10.3019637,
            36.9062854
          ]
        ]
      },
      "id": "way/87670386"
    },
    {
      "type": "Feature",
      "properties": {
        "@id": "way/87670388",
        "highway": "residential",
        "name": "Rue de la Bienfaisance"
      },
      "geometry": {
        "type": "LineString",
        "coordinates": [
          [
            10.2959436,
            36.9116847
          ],
          [
            10.2963118,
            36.9115614
          ],
          [
            10.2963527,
            36.9115555
          ],
          [
            10.296405,
            36.9115668
          ],
          [
            10.2969495,
            36.9118649
          ],
          [
            10.2971647,
            36.911986
          ],
          [
            10.2975449,
            36.9122246
          ],
          [
            10.2975436,
            36.9122528
          ],
          [
            10.2975234,
            36.9123195
          ]
        ]
      },
      "id": "way/87670388"
    },
    {
      "type": "Feature",
      "properties": {
        "@id": "way/87670390",
        "highway": "residential",
        "lit": "yes",
        "name": "Rue Sufaytula",
        "surface": "ground"
      },
      "geometry": {
        "type": "LineString",
        "coordinates": [
          [
            10.2903783,
            36.9141166
          ],
          [
            10.290897,
            36.9133039
          ],
          [
            10.290959,
            36.9131943
          ],
          [
            10.2912739,
            36.912712
          ],
          [
            10.2914174,
            36.9124654
          ],
          [
            10.2916024,
            36.9121694
          ],
          [
            10.2919994,
            36.9116311
          ]
        ]
      },
      "id": "way/87670390"
    },
    {
      "type": "Feature",
      "properties": {
        "@id": "way/87670393",
        "highway": "residential",
        "lit": "yes",
        "name": "نهج الياسمين",
        "name:ar": "نهج الياسمين",
        "name:fr": "Rue du Jasmin",
        "surface": "asphalt"
      },
      "geometry": {
        "type": "LineString",
        "coordinates": [
          [
            10.3007062,
            36.9103929
          ],
          [
            10.3009446,
            36.9101266
          ],
          [
            10.3012531,
            36.9098061
          ],
          [
            10.3015119,
            36.9095471
          ],
          [
            10.3017781,
            36.9093025
          ]
        ]
      },
      "id": "way/87670393"
    },
    {
      "type": "Feature",
      "properties": {
        "@id": "way/87670402",
        "highway": "living_street"
      },
      "geometry": {
        "type": "LineString",
        "coordinates": [
          [
            10.3017532,
            36.9070188
          ],
          [
            10.3019453,
            36.9068397
          ],
          [
            10.3020895,
            36.9066151
          ],
          [
            10.3021981,
            36.9063653
          ],
          [
            10.3023327,
            36.9061602
          ]
        ]
      },
      "id": "way/87670402"
    },
    {
      "type": "Feature",
      "properties": {
        "@id": "way/87670405",
        "highway": "residential",
        "lit": "yes",
        "name": "Rue des Roses",
        "surface": "asphalt"
      },
      "geometry": {
        "type": "LineString",
        "coordinates": [
          [
            10.3010474,
            36.9093366
          ],
          [
            10.3006965,
            36.9097824
          ],
          [
            10.3002512,
            36.9103808
          ],
          [
            10.3000554,
            36.9106574
          ],
          [
            10.2999602,
            36.9108076
          ],
          [
            10.2998852,
            36.9109368
          ],
          [
            10.2998422,
            36.9110167
          ],
          [
            10.2998107,
            36.911096
          ],
          [
            10.2997604,
            36.9111904
          ],
          [
            10.2997148,
            36.9112515
          ],
          [
            10.2995445,
            36.9114424
          ],
          [
            10.299348,
            36.9116584
          ],
          [
            10.299234,
            36.9117608
          ],
          [
            10.2989733,
            36.9119536
          ],
          [
            10.2986554,
            36.9121888
          ],
          [
            10.298241,
            36.9124953
          ]
        ]
      },
      "id": "way/87670405"
    },
    {
      "type": "Feature",
      "properties": {
        "@id": "way/87670407",
        "highway": "residential",
        "surface": "dirt"
      },
      "geometry": {
        "type": "LineString",
        "coordinates": [
          [
            10.292036,
            36.9123743
          ],
          [
            10.2923005,
            36.9120471
          ],
          [
            10.292444,
            36.9118364
          ],
          [
            10.292957,
            36.9110317
          ]
        ]
      },
      "id": "way/87670407"
    },
    {
      "type": "Feature",
      "properties": {
        "@id": "way/88818264",
        "highway": "residential",
        "name": "شارع النزهة",
        "name:ar": "شارع النزهة",
        "name:fr": "Avenue Ennozha"
      },
      "geometry": {
        "type": "LineString",
        "coordinates": [
          [
            10.3106529,
            36.9048249
          ],
          [
            10.3104504,
            36.9048175
          ],
          [
            10.3103216,
            36.9048389
          ],
          [
            10.3102358,
            36.9048689
          ],
          [
            10.3102023,
            36.9048898
          ],
          [
            10.3101674,
            36.9049268
          ],
          [
            10.309946,
            36.9053247
          ],
          [
            10.3098964,
            36.9054234
          ],
          [
            10.3098907,
            36.905459
          ],
          [
            10.3098944,
            36.9054762
          ],
          [
            10.3099025,
            36.9054866
          ],
          [
            10.3099256,
            36.9055097
          ],
          [
            10.3101312,
            36.9056474
          ]
        ]
      },
      "id": "way/88818264"
    },
    {
      "type": "Feature",
      "properties": {
        "@id": "way/88894678",
        "highway": "residential"
      },
      "geometry": {
        "type": "LineString",
        "coordinates": [
          [
            10.3028549,
            36.9054227
          ],
          [
            10.3030883,
            36.9054035
          ]
        ]
      },
      "id": "way/88894678"
    },
    {
      "type": "Feature",
      "properties": {
        "@id": "way/88894685",
        "highway": "living_street",
        "name": "نهج خير الدين باشا",
        "name:ar": "نهج خير الدين باشا",
        "name:fr": "Rue Khaireddine Pacha"
      },
      "geometry": {
        "type": "LineString",
        "coordinates": [
          [
            10.3018423,
            36.90679
          ],
          [
            10.3019453,
            36.9068397
          ],
          [
            10.3024252,
            36.9071747
          ]
        ]
      },
      "id": "way/88894685"
    },
    {
      "type": "Feature",
      "properties": {
        "@id": "way/88894687",
        "highway": "residential"
      },
      "geometry": {
        "type": "LineString",
        "coordinates": [
          [
            10.3021972,
            36.9061089
          ],
          [
            10.3023128,
            36.9059494
          ],
          [
            10.3024103,
            36.9058602
          ],
          [
            10.3025,
            36.9057918
          ]
        ]
      },
      "id": "way/88894687"
    },
    {
      "type": "Feature",
      "properties": {
        "@id": "way/88894689",
        "highway": "residential",
        "lit": "yes",
        "name": "نهج عبد الرحمان الغافقي",
        "name:ar": "نهج عبد الرحمان الغافقي",
        "name:fr": "Rue Abderrahmen El Ghafki",
        "surface": "asphalt"
      },
      "geometry": {
        "type": "LineString",
        "coordinates": [
          [
            10.3012059,
            36.9088431
          ],
          [
            10.3010291,
            36.9088795
          ],
          [
            10.299881,
            36.9083927
          ],
          [
            10.2997822,
            36.9083499
          ],
          [
            10.29955,
            36.9082447
          ],
          [
            10.2991648,
            36.908038
          ],
          [
            10.2991168,
            36.9080083
          ],
          [
            10.298713,
            36.9077579
          ],
          [
            10.2986254,
            36.9076844
          ],
          [
            10.2983179,
            36.9073891
          ],
          [
            10.2980779,
            36.9072132
          ],
          [
            10.2979894,
            36.9071338
          ],
          [
            10.297601,
            36.9068091
          ],
          [
            10.2972552,
            36.90653
          ],
          [
            10.2968824,
            36.90625
          ]
        ]
      },
      "id": "way/88894689"
    },
    {
      "type": "Feature",
      "properties": {
        "@id": "way/88894691",
        "highway": "living_street"
      },
      "geometry": {
        "type": "LineString",
        "coordinates": [
          [
            10.3018715,
            36.9064557
          ],
          [
            10.3014663,
            36.9063125
          ]
        ]
      },
      "id": "way/88894691"
    },
    {
      "type": "Feature",
      "properties": {
        "@id": "way/88894695",
        "highway": "residential",
        "lanes": "2",
        "lit": "yes",
        "name": "زنقة طبری",
        "name:ar": "زنقة طبری",
        "name:fr": "Impasse Tabari",
        "surface": "asphalt"
      },
      "geometry": {
        "type": "LineString",
        "coordinates": [
          [
            10.2956625,
            36.9040164
          ],
          [
            10.2958808,
            36.9041406
          ]
        ]
      },
      "id": "way/88894695"
    },
    {
      "type": "Feature",
      "properties": {
        "@id": "way/88894698",
        "highway": "residential",
        "name": "Rue des Tourterelles",
        "name:fr": "Rue des Tourterelles",
        "postal_code": "1057"
      },
      "geometry": {
        "type": "LineString",
        "coordinates": [
          [
            10.3077923,
            36.9013079
          ],
          [
            10.3080092,
            36.9011523
          ],
          [
            10.3081973,
            36.9010173
          ],
          [
            10.3088008,
            36.9005728
          ],
          [
            10.3088212,
            36.9005298
          ],
          [
            10.3083743,
            36.8999416
          ]
        ]
      },
      "id": "way/88894698"
    },
    {
      "type": "Feature",
      "properties": {
        "@id": "way/88894701",
        "highway": "residential",
        "name": "نهج الحبارى",
        "name:ar": "نهج الحبارى",
        "name:fr": "Rue de l'Outarde"
      },
      "geometry": {
        "type": "LineString",
        "coordinates": [
          [
            10.3033501,
            36.903678
          ],
          [
            10.3027987,
            36.9040228
          ],
          [
            10.3021294,
            36.9042367
          ],
          [
            10.3017728,
            36.9037863
          ]
        ]
      },
      "id": "way/88894701"
    },
    {
      "type": "Feature",
      "properties": {
        "@id": "way/88894706",
        "highway": "residential",
        "lanes": "1",
        "lit": "yes",
        "name": "Rue Montassae Bilel El Hafsi",
        "surface": "asphalt"
      },
      "geometry": {
        "type": "LineString",
        "coordinates": [
          [
            10.2928543,
            36.9032792
          ],
          [
            10.2935097,
            36.903712
          ]
        ]
      },
      "id": "way/88894706"
    },
    {
      "type": "Feature",
      "properties": {
        "@id": "way/88894716",
        "highway": "residential"
      },
      "geometry": {
        "type": "LineString",
        "coordinates": [
          [
            10.3082074,
            36.9029592
          ],
          [
            10.3074959,
            36.9024839
          ]
        ]
      },
      "id": "way/88894716"
    },
    {
      "type": "Feature",
      "properties": {
        "@id": "way/88894718",
        "highway": "living_street",
        "name": "Rue Banou Khourassan"
      },
      "geometry": {
        "type": "LineString",
        "coordinates": [
          [
            10.3083295,
            36.9028908
          ],
          [
            10.3084979,
            36.9030489
          ],
          [
            10.3087043,
            36.9032426
          ],
          [
            10.3089517,
            36.9034678
          ],
          [
            10.3092394,
            36.9037133
          ],
          [
            10.3092823,
            36.9037477
          ],
          [
            10.3092957,
            36.9037616
          ],
          [
            10.3092977,
            36.9037841
          ],
          [
            10.3092883,
            36.9037986
          ],
          [
            10.3090784,
            36.904012
          ],
          [
            10.3083861,
            36.903444
          ]
        ]
      },
      "id": "way/88894718"
    },
    {
      "type": "Feature",
      "properties": {
        "@id": "way/88894724",
        "highway": "residential"
      },
      "geometry": {
        "type": "LineString",
        "coordinates": [
          [
            10.3012611,
            36.9066019
          ],
          [
            10.3013887,
            36.906458
          ],
          [
            10.3014663,
            36.9063125
          ],
          [
            10.3014434,
            36.9060796
          ],
          [
            10.3015126,
            36.9058526
          ]
        ]
      },
      "id": "way/88894724"
    },
    {
      "type": "Feature",
      "properties": {
        "@id": "way/88894728",
        "highway": "residential"
      },
      "geometry": {
        "type": "LineString",
        "coordinates": [
          [
            10.3096469,
            36.900417
          ],
          [
            10.3100306,
            36.9001449
          ],
          [
            10.3102946,
            36.8999755
          ],
          [
            10.3108325,
            36.8997665
          ],
          [
            10.3108467,
            36.8997153
          ],
          [
            10.3104232,
            36.8991486
          ],
          [
            10.3103544,
            36.8991426
          ],
          [
            10.309816,
            36.8994268
          ],
          [
            10.3097298,
            36.8994928
          ],
          [
            10.3094764,
            36.8996816
          ]
        ]
      },
      "id": "way/88894728"
    },
    {
      "type": "Feature",
      "properties": {
        "@id": "way/88894730",
        "highway": "residential",
        "name": "Rue de la Mouette",
        "name:fr": "Rue de la Mouette",
        "postal_code": "1057"
      },
      "geometry": {
        "type": "LineString",
        "coordinates": [
          [
            10.3081973,
            36.9010173
          ],
          [
            10.3079644,
            36.9008036
          ],
          [
            10.3076166,
            36.9004843
          ]
        ]
      },
      "id": "way/88894730"
    },
    {
      "type": "Feature",
      "properties": {
        "@id": "way/88894734",
        "highway": "residential"
      },
      "geometry": {
        "type": "LineString",
        "coordinates": [
          [
            10.3063169,
            36.9034955
          ],
          [
            10.3070671,
            36.9041734
          ]
        ]
      },
      "id": "way/88894734"
    },
    {
      "type": "Feature",
      "properties": {
        "@id": "way/88894738",
        "highway": "residential",
        "name": "نهج الخطاف",
        "name:ar": "نهج الخطاف",
        "name:fr": "Rue de l'Hirondelle"
      },
      "geometry": {
        "type": "LineString",
        "coordinates": [
          [
            10.3064014,
            36.9034394
          ],
          [
            10.3059147,
            36.9028882
          ],
          [
            10.3054254,
            36.9023748
          ]
        ]
      },
      "id": "way/88894738"
    },
    {
      "type": "Feature",
      "properties": {
        "@id": "way/88894741",
        "highway": "residential",
        "source": "digitalglobe"
      },
      "geometry": {
        "type": "LineString",
        "coordinates": [
          [
            10.3076675,
            36.903485
          ],
          [
            10.307394,
            36.9031219
          ],
          [
            10.3071919,
            36.9027983
          ]
        ]
      },
      "id": "way/88894741"
    },
    {
      "type": "Feature",
      "properties": {
        "@id": "way/88894747",
        "highway": "residential"
      },
      "geometry": {
        "type": "LineString",
        "coordinates": [
          [
            10.305165,
            36.9054818
          ],
          [
            10.3049737,
            36.9052234
          ]
        ]
      },
      "id": "way/88894747"
    },
    {
      "type": "Feature",
      "properties": {
        "@id": "way/88894748",
        "highway": "residential",
        "lit": "yes",
        "name": "نهج النعامة",
        "name:ar": "نهج النعامة",
        "name:fr": "Rue de l'Autruche",
        "oneway": "no",
        "surface": "asphalt"
      },
      "geometry": {
        "type": "LineString",
        "coordinates": [
          [
            10.3028637,
            36.9033074
          ],
          [
            10.3033501,
            36.903678
          ],
          [
            10.3035927,
            36.903823
          ],
          [
            10.3038906,
            36.904001
          ],
          [
            10.3042311,
            36.9042812
          ],
          [
            10.3042809,
            36.9043222
          ],
          [
            10.3046729,
            36.9046731
          ]
        ]
      },
      "id": "way/88894748"
    },
    {
      "type": "Feature",
      "properties": {
        "@id": "way/88894752",
        "alt_name": "Impasse Abdallah Ibn Sarh",
        "highway": "residential",
        "lit": "yes",
        "name": "نهج ماجون",
        "name:ar": "نهج ماجون",
        "name:fr": "Rue Magon",
        "surface": "dirt"
      },
      "geometry": {
        "type": "LineString",
        "coordinates": [
          [
            10.293546,
            36.903952
          ],
          [
            10.2932252,
            36.9043295
          ],
          [
            10.2931028,
            36.9044821
          ],
          [
            10.2930133,
            36.9045911
          ],
          [
            10.2928943,
            36.9047598
          ]
        ]
      },
      "id": "way/88894752"
    },
    {
      "type": "Feature",
      "properties": {
        "@id": "way/88894755",
        "highway": "residential",
        "name": "Rue Banou Oumaya",
        "name:fr": "Rue Banou Oumaya",
        "postal_code": "1057"
      },
      "geometry": {
        "type": "LineString",
        "coordinates": [
          [
            10.30108,
            36.9051317
          ],
          [
            10.3007472,
            36.9055281
          ]
        ]
      },
      "id": "way/88894755"
    },
    {
      "type": "Feature",
      "properties": {
        "@id": "way/88894759",
        "highway": "residential"
      },
      "geometry": {
        "type": "LineString",
        "coordinates": [
          [
            10.3055419,
            36.9053515
          ],
          [
            10.3053208,
            36.9050688
          ],
          [
            10.3051936,
            36.9049063
          ]
        ]
      },
      "id": "way/88894759"
    },
    {
      "type": "Feature",
      "properties": {
        "@id": "way/88894764",
        "highway": "living_street"
      },
      "geometry": {
        "type": "LineString",
        "coordinates": [
          [
            10.3036909,
            36.9062367
          ],
          [
            10.303599,
            36.9061413
          ],
          [
            10.3036066,
            36.9061058
          ],
          [
            10.3036244,
            36.9060705
          ],
          [
            10.3036503,
            36.906034
          ],
          [
            10.3036604,
            36.9060181
          ],
          [
            10.3036542,
            36.9060033
          ],
          [
            10.3036158,
            36.9059745
          ],
          [
            10.303364,
            36.9057853
          ],
          [
            10.3031991,
            36.9057323
          ],
          [
            10.3028755,
            36.905725
          ]
        ]
      },
      "id": "way/88894764"
    },
    {
      "type": "Feature",
      "properties": {
        "@id": "way/88894767",
        "highway": "residential",
        "name": "Rue du Chardonneret",
        "name:fr": "Rue du Chardonneret",
        "postal_code": "1057"
      },
      "geometry": {
        "type": "LineString",
        "coordinates": [
          [
            10.3091535,
            36.90242
          ],
          [
            10.3083529,
            36.9017417
          ],
          [
            10.3080719,
            36.9015203
          ],
          [
            10.3077923,
            36.9013079
          ],
          [
            10.3074536,
            36.9011932
          ],
          [
            10.3068696,
            36.9009953
          ]
        ]
      },
      "id": "way/88894767"
    },
    {
      "type": "Feature",
      "properties": {
        "@id": "way/88894771",
        "highway": "residential"
      },
      "geometry": {
        "type": "LineString",
        "coordinates": [
          [
            10.3027772,
            36.9054504
          ],
          [
            10.3028549,
            36.9054227
          ],
          [
            10.3029529,
            36.9052477
          ]
        ]
      },
      "id": "way/88894771"
    },
    {
      "type": "Feature",
      "properties": {
        "@id": "way/88894779",
        "highway": "living_street",
        "name": "Rue Ahmed Ourabi"
      },
      "geometry": {
        "type": "LineString",
        "coordinates": [
          [
            10.3026163,
            36.9069884
          ],
          [
            10.3022476,
            36.9067264
          ],
          [
            10.3020895,
            36.9066151
          ]
        ]
      },
      "id": "way/88894779"
    },
    {
      "type": "Feature",
      "properties": {
        "@id": "way/88894784",
        "highway": "residential"
      },
      "geometry": {
        "type": "LineString",
        "coordinates": [
          [
            10.303708,
            36.9059335
          ],
          [
            10.3036993,
            36.9059225
          ],
          [
            10.3036946,
            36.9059027
          ],
          [
            10.3036892,
            36.9058742
          ],
          [
            10.3036905,
            36.9058254
          ],
          [
            10.3036692,
            36.9057779
          ],
          [
            10.3035638,
            36.9056903
          ]
        ]
      },
      "id": "way/88894784"
    },
    {
      "type": "Feature",
      "properties": {
        "@id": "way/88894786",
        "highway": "residential"
      },
      "geometry": {
        "type": "LineString",
        "coordinates": [
          [
            10.3071334,
            36.9033709
          ],
          [
            10.307394,
            36.9031219
          ]
        ]
      },
      "id": "way/88894786"
    },
    {
      "type": "Feature",
      "properties": {
        "@id": "way/88894792",
        "highway": "residential",
        "name": "نهج النورس",
        "name:ar": "نهج النورس",
        "name:fr": "Rue de la Mouette"
      },
      "geometry": {
        "type": "LineString",
        "coordinates": [
          [
            10.3053448,
            36.9038715
          ],
          [
            10.3052616,
            36.9039842
          ],
          [
            10.3051449,
            36.904115
          ],
          [
            10.3050604,
            36.904219
          ],
          [
            10.3050202,
            36.9042855
          ],
          [
            10.3050041,
            36.9043402
          ],
          [
            10.3050296,
            36.9044882
          ],
          [
            10.3050283,
            36.9045783
          ],
          [
            10.3050108,
            36.904619
          ],
          [
            10.304982,
            36.904641
          ],
          [
            10.3048633,
            36.9046791
          ],
          [
            10.3046729,
            36.9046731
          ]
        ]
      },
      "id": "way/88894792"
    },
    {
      "type": "Feature",
      "properties": {
        "@id": "way/88894796",
        "highway": "living_street"
      },
      "geometry": {
        "type": "LineString",
        "coordinates": [
          [
            10.3027122,
            36.9063099
          ],
          [
            10.3025215,
            36.9064887
          ],
          [
            10.3022476,
            36.9067264
          ]
        ]
      },
      "id": "way/88894796"
    },
    {
      "type": "Feature",
      "properties": {
        "@id": "way/88894799",
        "highway": "residential",
        "lit": "yes",
        "name": "زنقة 1 حسن حسني عبد الوهاب",
        "name:ar": "زنقة 1 حسن حسني عبد الوهاب",
        "name:fr": "Impasse 1 Hassen Hosni Abdelwaheb",
        "surface": "asphalt"
      },
      "geometry": {
        "type": "LineString",
        "coordinates": [
          [
            10.2978672,
            36.9053513
          ],
          [
            10.2982435,
            36.9055684
          ]
        ]
      },
      "id": "way/88894799"
    },
    {
      "type": "Feature",
      "properties": {
        "@id": "way/89006506",
        "highway": "residential"
      },
      "geometry": {
        "type": "LineString",
        "coordinates": [
          [
            10.3023795,
            36.9023348
          ],
          [
            10.3033371,
            36.9017643
          ]
        ]
      },
      "id": "way/89006506"
    },
    {
      "type": "Feature",
      "properties": {
        "@id": "way/89006510",
        "highway": "residential",
        "lit": "yes",
        "name": "Rue Lina Ben Mhenni",
        "surface": "asphalt"
      },
      "geometry": {
        "type": "LineString",
        "coordinates": [
          [
            10.306326,
            36.9013206
          ],
          [
            10.3062272,
            36.901228
          ],
          [
            10.3060998,
            36.9012226
          ],
          [
            10.3059335,
            36.9012269
          ],
          [
            10.3056156,
            36.9013235
          ],
          [
            10.3052589,
            36.9014908
          ],
          [
            10.3048553,
            36.9017063
          ],
          [
            10.3038119,
            36.9022651
          ],
          [
            10.302904,
            36.9027573
          ],
          [
            10.3028684,
            36.9027697
          ],
          [
            10.3028235,
            36.9027697
          ],
          [
            10.3027866,
            36.9027531
          ],
          [
            10.3027618,
            36.9027257
          ],
          [
            10.3023795,
            36.9023348
          ],
          [
            10.3018243,
            36.9017605
          ]
        ]
      },
      "id": "way/89006510"
    },
    {
      "type": "Feature",
      "properties": {
        "@id": "way/89006514",
        "highway": "residential"
      },
      "geometry": {
        "type": "LineString",
        "coordinates": [
          [
            10.2902344,
            36.9139176
          ],
          [
            10.2899838,
            36.9140062
          ],
          [
            10.2893335,
            36.9143
          ]
        ]
      },
      "id": "way/89006514"
    },
    {
      "type": "Feature",
      "properties": {
        "@id": "way/89006519",
        "access": "private",
        "highway": "residential"
      },
      "geometry": {
        "type": "LineString",
        "coordinates": [
          [
            10.2938814,
            36.9116192
          ],
          [
            10.293916,
            36.9115678
          ],
          [
            10.2939553,
            36.9115094
          ]
        ]
      },
      "id": "way/89006519"
    },
    {
      "type": "Feature",
      "properties": {
        "@id": "way/89006523",
        "access": "private",
        "highway": "residential"
      },
      "geometry": {
        "type": "LineString",
        "coordinates": [
          [
            10.2935723,
            36.9111864
          ],
          [
            10.2937001,
            36.9112409
          ]
        ]
      },
      "id": "way/89006523"
    },
    {
      "type": "Feature",
      "properties": {
        "@id": "way/89006524",
        "highway": "residential",
        "lit": "no",
        "name": "Rue Tacabes",
        "surface": "dirt"
      },
      "geometry": {
        "type": "LineString",
        "coordinates": [
          [
            10.2923722,
            36.9136224
          ],
          [
            10.2926418,
            36.913766
          ],
          [
            10.2930441,
            36.9139805
          ],
          [
            10.293189,
            36.9140105
          ],
          [
            10.2933472,
            36.9140738
          ],
          [
            10.2934646,
            36.9141864
          ]
        ]
      },
      "id": "way/89006524"
    },
    {
      "type": "Feature",
      "properties": {
        "@id": "way/89006542",
        "access": "private",
        "highway": "residential"
      },
      "geometry": {
        "type": "LineString",
        "coordinates": [
          [
            10.2932486,
            36.9108481
          ],
          [
            10.2934569,
            36.9109365
          ],
          [
            10.2934633,
            36.9109425
          ],
          [
            10.2934638,
            36.91095
          ],
          [
            10.2932487,
            36.9112654
          ],
          [
            10.293246,
            36.9112749
          ],
          [
            10.2932504,
            36.9112812
          ],
          [
            10.2935812,
            36.9114196
          ],
          [
            10.293916,
            36.9115678
          ],
          [
            10.2942432,
            36.9117053
          ],
          [
            10.2945009,
            36.9118152
          ],
          [
            10.2945722,
            36.9118453
          ]
        ]
      },
      "id": "way/89006542"
    },
    {
      "type": "Feature",
      "properties": {
        "@id": "way/89006553",
        "access": "private",
        "highway": "service"
      },
      "geometry": {
        "type": "LineString",
        "coordinates": [
          [
            10.2819337,
            36.9175027
          ],
          [
            10.2820423,
            36.9174864
          ]
        ]
      },
      "id": "way/89006553"
    },
    {
      "type": "Feature",
      "properties": {
        "@id": "way/89006562",
        "access": "private",
        "highway": "residential"
      },
      "geometry": {
        "type": "LineString",
        "coordinates": [
          [
            10.2939235,
            36.9120476
          ],
          [
            10.2939999,
            36.9120795
          ],
          [
            10.2941954,
            36.9121632
          ]
        ]
      },
      "id": "way/89006562"
    },
    {
      "type": "Feature",
      "properties": {
        "@id": "way/89006573",
        "highway": "residential",
        "name": "نهج البهجة",
        "name:ar": "نهج البهجة",
        "name:fr": "Rue de la Splendeur"
      },
      "geometry": {
        "type": "LineString",
        "coordinates": [
          [
            10.29618,
            36.9126161
          ],
          [
            10.2971647,
            36.911986
          ]
        ]
      },
      "id": "way/89006573"
    },
    {
      "type": "Feature",
      "properties": {
        "@id": "way/89006574",
        "highway": "residential",
        "lit": "yes",
        "name": "نهج أبو عبيد البكري",
        "name:ar": "نهج أبو عبيد البكري",
        "name:fr": "Rue Abou Oubaida El Bekri",
        "surface": "concrete"
      },
      "geometry": {
        "type": "LineString",
        "coordinates": [
          [
            10.2954008,
            36.9093519
          ],
          [
            10.2966768,
            36.9098308
          ],
          [
            10.2972061,
            36.9100014
          ]
        ]
      },
      "id": "way/89006574"
    },
    {
      "type": "Feature",
      "properties": {
        "@id": "way/89006577",
        "highway": "residential"
      },
      "geometry": {
        "type": "LineString",
        "coordinates": [
          [
            10.3038119,
            36.9022651
          ],
          [
            10.3033371,
            36.9017643
          ],
          [
            10.303081,
            36.9014908
          ],
          [
            10.3029965,
            36.9014425
          ],
          [
            10.3028825,
            36.9014286
          ],
          [
            10.3027618,
            36.9014286
          ],
          [
            10.3026344,
            36.9014393
          ],
          [
            10.3025137,
            36.901465
          ],
          [
            10.3024024,
            36.9014972
          ],
          [
            10.3018243,
            36.9017605
          ],
          [
            10.2995786,
            36.9027285
          ]
        ]
      },
      "id": "way/89006577"
    },
    {
      "type": "Feature",
      "properties": {
        "@id": "way/89006584",
        "access": "private",
        "highway": "residential"
      },
      "geometry": {
        "type": "LineString",
        "coordinates": [
          [
            10.2932486,
            36.9108481
          ],
          [
            10.2932421,
            36.9108614
          ],
          [
            10.2932353,
            36.9108646
          ],
          [
            10.2932266,
            36.9108633
          ],
          [
            10.2929328,
            36.91074
          ],
          [
            10.2929272,
            36.9107335
          ],
          [
            10.2929278,
            36.9107252
          ],
          [
            10.2929781,
            36.9106454
          ],
          [
            10.2929902,
            36.9106403
          ],
          [
            10.2930036,
            36.9106427
          ],
          [
            10.2932936,
            36.9107653
          ],
          [
            10.2932986,
            36.9107709
          ],
          [
            10.2932989,
            36.910777
          ],
          [
            10.2932486,
            36.9108481
          ]
        ]
      },
      "id": "way/89006584"
    },
    {
      "type": "Feature",
      "properties": {
        "@id": "way/89006597",
        "highway": "residential",
        "lit": "yes",
        "surface": "asphalt"
      },
      "geometry": {
        "type": "LineString",
        "coordinates": [
          [
            10.2955205,
            36.911289
          ],
          [
            10.2957251,
            36.9113609
          ],
          [
            10.2960489,
            36.9106939
          ]
        ]
      },
      "id": "way/89006597"
    },
    {
      "type": "Feature",
      "properties": {
        "@id": "way/89006600",
        "access": "private",
        "highway": "residential"
      },
      "geometry": {
        "type": "LineString",
        "coordinates": [
          [
            10.2933322,
            36.9117936
          ],
          [
            10.2934535,
            36.9116115
          ],
          [
            10.2935812,
            36.9114196
          ],
          [
            10.2937001,
            36.9112409
          ],
          [
            10.2938236,
            36.9110552
          ]
        ]
      },
      "id": "way/89006600"
    },
    {
      "type": "Feature",
      "properties": {
        "@id": "way/89006601",
        "access": "private",
        "highway": "residential"
      },
      "geometry": {
        "type": "LineString",
        "coordinates": [
          [
            10.2936454,
            36.9116875
          ],
          [
            10.2937952,
            36.9117502
          ],
          [
            10.2939638,
            36.911823
          ]
        ]
      },
      "id": "way/89006601"
    },
    {
      "type": "Feature",
      "properties": {
        "@id": "way/89006618",
        "highway": "residential",
        "lit": "yes",
        "name": "نهج عليسة ديدون",
        "name:ar": "نهج عليسة",
        "name:fr": "Rue Elissa Didon",
        "postal_code": "1057",
        "surface": "gravel"
      },
      "geometry": {
        "type": "LineString",
        "coordinates": [
          [
            10.2943511,
            36.9061146
          ],
          [
            10.2952924,
            36.9050674
          ]
        ]
      },
      "id": "way/89006618"
    },
    {
      "type": "Feature",
      "properties": {
        "@id": "way/89006666",
        "highway": "residential",
        "name": "نهج أميلكار",
        "name:ar": "نهج أميلكار",
        "name:fr": "Rue Amilcar",
        "surface": "dirt"
      },
      "geometry": {
        "type": "LineString",
        "coordinates": [
          [
            10.2922436,
            36.9062952
          ],
          [
            10.2924236,
            36.9058918
          ],
          [
            10.2925251,
            36.90576
          ],
          [
            10.2926498,
            36.9056187
          ],
          [
            10.2929513,
            36.905277
          ],
          [
            10.2933486,
            36.9048914
          ],
          [
            10.2935127,
            36.9047072
          ],
          [
            10.2939418,
            36.9042371
          ]
        ]
      },
      "id": "way/89006666"
    },
    {
      "type": "Feature",
      "properties": {
        "@id": "way/89006674",
        "access": "private",
        "highway": "residential"
      },
      "geometry": {
        "type": "LineString",
        "coordinates": [
          [
            10.2939251,
            36.9121947
          ],
          [
            10.2939999,
            36.9120795
          ],
          [
            10.2941194,
            36.9118981
          ],
          [
            10.2942432,
            36.9117053
          ],
          [
            10.294484,
            36.9113347
          ],
          [
            10.2943713,
            36.9112815
          ]
        ]
      },
      "id": "way/89006674"
    },
    {
      "type": "Feature",
      "properties": {
        "@id": "way/89006692",
        "highway": "residential"
      },
      "geometry": {
        "type": "LineString",
        "coordinates": [
          [
            10.2976129,
            36.9088
          ],
          [
            10.2975583,
            36.9089192
          ],
          [
            10.2975042,
            36.9090086
          ],
          [
            10.2974262,
            36.9090603
          ],
          [
            10.2973196,
            36.9091111
          ],
          [
            10.2972325,
            36.9091853
          ],
          [
            10.2971185,
            36.9093438
          ],
          [
            10.2971359,
            36.9094028
          ],
          [
            10.2974419,
            36.9095576
          ]
        ]
      },
      "id": "way/89006692"
    },
    {
      "type": "Feature",
      "properties": {
        "@id": "way/89006695",
        "access": "private",
        "highway": "residential"
      },
      "geometry": {
        "type": "LineString",
        "coordinates": [
          [
            10.2937154,
            36.911009
          ],
          [
            10.2938236,
            36.9110552
          ],
          [
            10.2939579,
            36.9111122
          ]
        ]
      },
      "id": "way/89006695"
    },
    {
      "type": "Feature",
      "properties": {
        "@id": "way/89006718",
        "access": "private",
        "highway": "residential"
      },
      "geometry": {
        "type": "LineString",
        "coordinates": [
          [
            10.2941194,
            36.9118981
          ],
          [
            10.294257,
            36.9119559
          ]
        ]
      },
      "id": "way/89006718"
    },
    {
      "type": "Feature",
      "properties": {
        "@id": "way/89006729",
        "highway": "residential",
        "lit": "yes",
        "surface": "fine_gravel"
      },
      "geometry": {
        "type": "LineString",
        "coordinates": [
          [
            10.2919887,
            36.9105459
          ],
          [
            10.2910112,
            36.9100736
          ]
        ]
      },
      "id": "way/89006729"
    },
    {
      "type": "Feature",
      "properties": {
        "@id": "way/89006735",
        "access": "private",
        "highway": "residential"
      },
      "geometry": {
        "type": "LineString",
        "coordinates": [
          [
            10.2932111,
            36.9117374
          ],
          [
            10.2933322,
            36.9117936
          ],
          [
            10.2934325,
            36.9118362
          ]
        ]
      },
      "id": "way/89006735"
    },
    {
      "type": "Feature",
      "properties": {
        "@id": "way/89006748",
        "access": "yes",
        "bicycle": "yes",
        "foot": "yes",
        "highway": "residential",
        "lit": "yes",
        "motor_vehicle": "yes",
        "name": "نهج عباس بن فرناس",
        "name:ar": "نهج عباس بن فرناس",
        "name:fr": "Rue Abbes Ibn Farnas",
        "oneway": "no",
        "surface": "asphalt"
      },
      "geometry": {
        "type": "LineString",
        "coordinates": [
          [
            10.2952362,
            36.9104456
          ],
          [
            10.2960489,
            36.9106939
          ],
          [
            10.2963433,
            36.9107942
          ]
        ]
      },
      "id": "way/89006748"
    },
    {
      "type": "Feature",
      "properties": {
        "@id": "way/89006759",
        "highway": "residential",
        "lit": "no",
        "name": "نهج الفل",
        "name:ar": "نهج الفل",
        "name:fr": "Rue El Fell",
        "surface": "ground"
      },
      "geometry": {
        "type": "LineString",
        "coordinates": [
          [
            10.2861874,
            36.9103877
          ],
          [
            10.28625,
            36.9104207
          ],
          [
            10.2863163,
            36.9104428
          ],
          [
            10.2863883,
            36.9104668
          ],
          [
            10.2864665,
            36.9105048
          ],
          [
            10.286683,
            36.9106101
          ],
          [
            10.2870596,
            36.9107997
          ],
          [
            10.2872824,
            36.9109148
          ],
          [
            10.2875862,
            36.9110872
          ],
          [
            10.2876314,
            36.9111679
          ],
          [
            10.2878621,
            36.9113802
          ],
          [
            10.2884603,
            36.9119614
          ],
          [
            10.2885541,
            36.912075
          ],
          [
            10.2886269,
            36.9122329
          ]
        ]
      },
      "id": "way/89006759"
    },
    {
      "type": "Feature",
      "properties": {
        "@id": "way/89006762",
        "highway": "residential",
        "lit": "yes",
        "name": "زنقة 5 عبد الكريم الخطابي",
        "name:ar": "زنقة 5 عبد الكريم الخطابي",
        "name:fr": "Impasse 5 Abdelkarim El Khatabi",
        "surface": "dirt"
      },
      "geometry": {
        "type": "LineString",
        "coordinates": [
          [
            10.2922486,
            36.9100074
          ],
          [
            10.2916171,
            36.9098377
          ],
          [
            10.2914448,
            36.9097685
          ]
        ]
      },
      "id": "way/89006762"
    },
    {
      "type": "Feature",
      "properties": {
        "@id": "way/89006771",
        "access": "private",
        "highway": "residential"
      },
      "geometry": {
        "type": "LineString",
        "coordinates": [
          [
            10.2933056,
            36.9115484
          ],
          [
            10.2934535,
            36.9116115
          ]
        ]
      },
      "id": "way/89006771"
    },
    {
      "type": "Feature",
      "properties": {
        "@id": "way/89006785",
        "access": "private",
        "highway": "residential"
      },
      "geometry": {
        "type": "LineString",
        "coordinates": [
          [
            10.2938916,
            36.9113078
          ],
          [
            10.2940447,
            36.9113767
          ],
          [
            10.2942091,
            36.9114498
          ]
        ]
      },
      "id": "way/89006785"
    },
    {
      "type": "Feature",
      "properties": {
        "@id": "way/89006788",
        "access": "private",
        "highway": "service",
        "surface": "asphalt"
      },
      "geometry": {
        "type": "LineString",
        "coordinates": [
          [
            10.282427,
            36.915618
          ],
          [
            10.2819769,
            36.915573
          ]
        ]
      },
      "id": "way/89006788"
    },
    {
      "type": "Feature",
      "properties": {
        "@id": "way/89006793",
        "highway": "residential",
        "lit": "yes",
        "name": "Impasse Kalthoum Bornaz",
        "surface": "compacted"
      },
      "geometry": {
        "type": "LineString",
        "coordinates": [
          [
            10.2977554,
            36.9080603
          ],
          [
            10.2974981,
            36.9079398
          ],
          [
            10.2975916,
            36.9077639
          ],
          [
            10.2977189,
            36.9075244
          ],
          [
            10.2979894,
            36.9071338
          ]
        ]
      },
      "id": "way/89006793"
    },
    {
      "type": "Feature",
      "properties": {
        "@id": "way/89006795",
        "highway": "residential",
        "lit": "yes",
        "name": "نهج المسك",
        "name:ar": "نهج المسك",
        "name:fr": "Rue du Musc",
        "surface": "asphalt"
      },
      "geometry": {
        "type": "LineString",
        "coordinates": [
          [
            10.2989733,
            36.9119536
          ],
          [
            10.2983617,
            36.9115899
          ],
          [
            10.2980954,
            36.9114457
          ],
          [
            10.2980498,
            36.911437
          ],
          [
            10.297785,
            36.9113298
          ],
          [
            10.297435,
            36.9112076
          ],
          [
            10.2973639,
            36.9112312
          ],
          [
            10.2972204,
            36.9114489
          ]
        ]
      },
      "id": "way/89006795"
    },
    {
      "type": "Feature",
      "properties": {
        "@id": "way/89006804",
        "highway": "residential",
        "surface": "gravel"
      },
      "geometry": {
        "type": "LineString",
        "coordinates": [
          [
            10.2851506,
            36.9159673
          ],
          [
            10.2852329,
            36.9160133
          ],
          [
            10.2852737,
            36.9160215
          ],
          [
            10.2854173,
            36.9160467
          ],
          [
            10.285538,
            36.9160499
          ],
          [
            10.2856573,
            36.9160231
          ],
          [
            10.2859215,
            36.9159052
          ],
          [
            10.2870534,
            36.9153144
          ],
          [
            10.2871701,
            36.9152329
          ],
          [
            10.2873337,
            36.9151878
          ],
          [
            10.2875108,
            36.915161
          ],
          [
            10.2876797,
            36.9151589
          ],
          [
            10.2878581,
            36.9151739
          ],
          [
            10.2884173,
            36.9152511
          ],
          [
            10.2887338,
            36.9153712
          ],
          [
            10.2889323,
            36.9154484
          ],
          [
            10.2889927,
            36.9154559
          ],
          [
            10.2890302,
            36.915457
          ],
          [
            10.2890691,
            36.9154484
          ],
          [
            10.2891107,
            36.9154173
          ],
          [
            10.2891737,
            36.9153798
          ],
          [
            10.2892061,
            36.9153254
          ],
          [
            10.2892145,
            36.9153126
          ],
          [
            10.289212,
            36.9152971
          ],
          [
            10.2892044,
            36.9152795
          ],
          [
            10.2891656,
            36.9152074
          ]
        ]
      },
      "id": "way/89006804"
    },
    {
      "type": "Feature",
      "properties": {
        "@id": "way/98252350",
        "highway": "residential"
      },
      "geometry": {
        "type": "LineString",
        "coordinates": [
          [
            10.3095304,
            36.905161
          ],
          [
            10.309946,
            36.9053247
          ]
        ]
      },
      "id": "way/98252350"
    },
    {
      "type": "Feature",
      "properties": {
        "@id": "way/128232743",
        "highway": "residential",
        "lit": "yes",
        "name": "شارع عبد العزيز بوجمعة",
        "name:ar": "شارع عبد العزيز بوجمعة",
        "name:fr": "Avenue Abdelaziz Bou Jemaa",
        "sidewalk": "left",
        "surface": "asphalt"
      },
      "geometry": {
        "type": "LineString",
        "coordinates": [
          [
            10.2911424,
            36.9201321
          ],
          [
            10.2913141,
            36.920076
          ],
          [
            10.2914509,
            36.9200364
          ],
          [
            10.2925721,
            36.9197662
          ],
          [
            10.2936865,
            36.9194896
          ],
          [
            10.294405,
            36.9193125
          ],
          [
            10.2945435,
            36.9192783
          ],
          [
            10.2963044,
            36.9187567
          ],
          [
            10.2976535,
            36.9183616
          ],
          [
            10.2987498,
            36.9180122
          ],
          [
            10.2995579,
            36.9177547
          ],
          [
            10.3014484,
            36.9171561
          ],
          [
            10.3032821,
            36.916563
          ],
          [
            10.3051264,
            36.9159625
          ],
          [
            10.3063196,
            36.9155966
          ],
          [
            10.3063868,
            36.9155653
          ],
          [
            10.3064439,
            36.9155193
          ],
          [
            10.3065251,
            36.9154329
          ],
          [
            10.3065903,
            36.9153146
          ]
        ]
      },
      "id": "way/128232743"
    },
    {
      "type": "Feature",
      "properties": {
        "@id": "way/128242952",
        "access": "private",
        "highway": "service"
      },
      "geometry": {
        "type": "LineString",
        "coordinates": [
          [
            10.3105185,
            36.913689
          ],
          [
            10.3102564,
            36.913203
          ],
          [
            10.3102654,
            36.9131145
          ],
          [
            10.311942,
            36.9125689
          ],
          [
            10.3120847,
            36.9125232
          ],
          [
            10.3122286,
            36.9127983
          ],
          [
            10.3122805,
            36.9128976
          ],
          [
            10.3123056,
            36.9129455
          ],
          [
            10.3123579,
            36.9130456
          ],
          [
            10.3125774,
            36.9134653
          ],
          [
            10.3127317,
            36.9137602
          ],
          [
            10.3125723,
            36.9138135
          ],
          [
            10.312018,
            36.9139988
          ],
          [
            10.3119637,
            36.9139998
          ]
        ]
      },
      "id": "way/128242952"
    },
    {
      "type": "Feature",
      "properties": {
        "@id": "way/128242953",
        "access": "private",
        "highway": "service",
        "junction": "roundabout"
      },
      "geometry": {
        "type": "LineString",
        "coordinates": [
          [
            10.3119434,
            36.9140397
          ],
          [
            10.3119196,
            36.9140539
          ],
          [
            10.3118907,
            36.9140599
          ],
          [
            10.3118607,
            36.9140567
          ],
          [
            10.3118342,
            36.9140444
          ],
          [
            10.3118156,
            36.9140246
          ],
          [
            10.311808,
            36.9140003
          ],
          [
            10.3118131,
            36.9139755
          ],
          [
            10.31183,
            36.9139544
          ],
          [
            10.3118557,
            36.9139403
          ],
          [
            10.311886,
            36.9139355
          ],
          [
            10.3119159,
            36.9139403
          ],
          [
            10.311941,
            36.9139537
          ],
          [
            10.3119576,
            36.9139734
          ],
          [
            10.3119638,
            36.9139965
          ],
          [
            10.3119637,
            36.9139998
          ],
          [
            10.3119434,
            36.9140397
          ]
        ]
      },
      "id": "way/128242953"
    },
    {
      "type": "Feature",
      "properties": {
        "@id": "way/128242954",
        "access": "private",
        "highway": "service"
      },
      "geometry": {
        "type": "LineString",
        "coordinates": [
          [
            10.2887725,
            36.9156448
          ],
          [
            10.2888107,
            36.9155267
          ],
          [
            10.2887639,
            36.9154621
          ],
          [
            10.2883644,
            36.9153125
          ],
          [
            10.2880324,
            36.9152554
          ],
          [
            10.2877387,
            36.9152168
          ],
          [
            10.2874169,
            36.9152479
          ],
          [
            10.2871446,
            36.9153347
          ],
          [
            10.2869414,
            36.915449
          ],
          [
            10.2862863,
            36.9157829
          ],
          [
            10.2858384,
            36.9160156
          ],
          [
            10.2855286,
            36.916155
          ]
        ]
      },
      "id": "way/128242954"
    },
    {
      "type": "Feature",
      "properties": {
        "@id": "way/128242956",
        "access": "private",
        "highway": "service",
        "oneway": "yes"
      },
      "geometry": {
        "type": "LineString",
        "coordinates": [
          [
            10.3122805,
            36.9128976
          ],
          [
            10.3124411,
            36.9128452
          ],
          [
            10.312595,
            36.9127951
          ]
        ]
      },
      "id": "way/128242956"
    },
    {
      "type": "Feature",
      "properties": {
        "@id": "way/128242957",
        "access": "private",
        "highway": "service"
      },
      "geometry": {
        "type": "LineString",
        "coordinates": [
          [
            10.3127228,
            36.9134141
          ],
          [
            10.3125774,
            36.9134653
          ]
        ]
      },
      "id": "way/128242957"
    },
    {
      "type": "Feature",
      "properties": {
        "@id": "way/128242958",
        "highway": "service"
      },
      "geometry": {
        "type": "LineString",
        "coordinates": [
          [
            10.3124359,
            36.9144402
          ],
          [
            10.3123799,
            36.9143402
          ]
        ]
      },
      "id": "way/128242958"
    },
    {
      "type": "Feature",
      "properties": {
        "@id": "way/128242960",
        "highway": "residential",
        "lit": "yes",
        "name": "Impasse Houdhaifa Ibn Alimene",
        "surface": "compacted"
      },
      "geometry": {
        "type": "LineString",
        "coordinates": [
          [
            10.2941244,
            36.9149519
          ],
          [
            10.2935686,
            36.915362
          ]
        ]
      },
      "id": "way/128242960"
    },
    {
      "type": "Feature",
      "properties": {
        "@id": "way/128242961",
        "access": "private",
        "highway": "service"
      },
      "geometry": {
        "type": "LineString",
        "coordinates": [
          [
            10.3126842,
            36.9140122
          ],
          [
            10.3125723,
            36.9138135
          ]
        ]
      },
      "id": "way/128242961"
    },
    {
      "type": "Feature",
      "properties": {
        "@id": "way/128242962",
        "access": "private",
        "highway": "service"
      },
      "geometry": {
        "type": "LineString",
        "coordinates": [
          [
            10.3122286,
            36.9127983
          ],
          [
            10.3120862,
            36.9128462
          ]
        ]
      },
      "id": "way/128242962"
    },
    {
      "type": "Feature",
      "properties": {
        "@id": "way/128242963",
        "access": "private",
        "highway": "service",
        "oneway": "yes"
      },
      "geometry": {
        "type": "LineString",
        "coordinates": [
          [
            10.3126189,
            36.9128439
          ],
          [
            10.3124651,
            36.9128938
          ],
          [
            10.3123056,
            36.9129455
          ]
        ]
      },
      "id": "way/128242963"
    },
    {
      "type": "Feature",
      "properties": {
        "@id": "way/128242965",
        "access": "private",
        "highway": "service"
      },
      "geometry": {
        "type": "LineString",
        "coordinates": [
          [
            10.3120162,
            36.9142335
          ],
          [
            10.3119196,
            36.9140539
          ]
        ]
      },
      "id": "way/128242965"
    },
    {
      "type": "Feature",
      "properties": {
        "@id": "way/128242966",
        "highway": "tertiary",
        "lanes": "2",
        "name": "Rue Ibn Khaldoun",
        "oneway": "no",
        "surface": "asphalt"
      },
      "geometry": {
        "type": "LineString",
        "coordinates": [
          [
            10.2838613,
            36.9147911
          ],
          [
            10.283093,
            36.9142105
          ],
          [
            10.2828172,
            36.9140222
          ],
          [
            10.2825604,
            36.9138402
          ],
          [
            10.2825262,
            36.9138159
          ],
          [
            10.2823243,
            36.9136842
          ]
        ]
      },
      "id": "way/128242966"
    },
    {
      "type": "Feature",
      "properties": {
        "@id": "way/128242967",
        "highway": "service",
        "service": "parking_aisle"
      },
      "geometry": {
        "type": "LineString",
        "coordinates": [
          [
            10.3120444,
            36.9142871
          ],
          [
            10.3127128,
            36.9140644
          ],
          [
            10.3128426,
            36.9140211
          ]
        ]
      },
      "id": "way/128242967"
    },
    {
      "type": "Feature",
      "properties": {
        "@id": "way/128242968",
        "highway": "service",
        "service": "parking_aisle"
      },
      "geometry": {
        "type": "LineString",
        "coordinates": [
          [
            10.3119275,
            36.9144872
          ],
          [
            10.3121174,
            36.9144255
          ],
          [
            10.3123799,
            36.9143402
          ],
          [
            10.3127726,
            36.9142126
          ]
        ]
      },
      "id": "way/128242968"
    },
    {
      "type": "Feature",
      "properties": {
        "@id": "way/128242969",
        "highway": "service"
      },
      "geometry": {
        "type": "LineString",
        "coordinates": [
          [
            10.3121926,
            36.9145681
          ],
          [
            10.3121174,
            36.9144255
          ],
          [
            10.3120444,
            36.9142871
          ],
          [
            10.3120162,
            36.9142335
          ]
        ]
      },
      "id": "way/128242969"
    },
    {
      "type": "Feature",
      "properties": {
        "@id": "way/128242970",
        "highway": "residential",
        "lit": "yes",
        "surface": "asphalt"
      },
      "geometry": {
        "type": "LineString",
        "coordinates": [
          [
            10.2990201,
            36.9111539
          ],
          [
            10.2995391,
            36.9103449
          ],
          [
            10.2992065,
            36.9102047
          ]
        ]
      },
      "id": "way/128242970"
    },
    {
      "type": "Feature",
      "properties": {
        "@id": "way/128242972",
        "highway": "service"
      },
      "geometry": {
        "type": "LineString",
        "coordinates": [
          [
            10.3115301,
            36.9147673
          ],
          [
            10.3116903,
            36.9146661
          ],
          [
            10.3118552,
            36.9146769
          ],
          [
            10.3120013,
            36.9146298
          ]
        ]
      },
      "id": "way/128242972"
    },
    {
      "type": "Feature",
      "properties": {
        "@id": "way/128242973",
        "highway": "service"
      },
      "geometry": {
        "type": "LineString",
        "coordinates": [
          [
            10.3118552,
            36.9146769
          ],
          [
            10.311871,
            36.9145884
          ],
          [
            10.3118891,
            36.9145197
          ],
          [
            10.3119275,
            36.9144872
          ]
        ]
      },
      "id": "way/128242973"
    },
    {
      "type": "Feature",
      "properties": {
        "@id": "way/128242974",
        "highway": "residential",
        "lit": "yes",
        "name": "Rue de L'Eucalyptus",
        "surface": "asphalt"
      },
      "geometry": {
        "type": "LineString",
        "coordinates": [
          [
            10.2995445,
            36.9114424
          ],
          [
            10.2990201,
            36.9111539
          ],
          [
            10.2986687,
            36.9109679
          ],
          [
            10.2974155,
            36.9105052
          ]
        ]
      },
      "id": "way/128242974"
    },
    {
      "type": "Feature",
      "properties": {
        "@id": "way/128242976",
        "access": "private",
        "highway": "service"
      },
      "geometry": {
        "type": "LineString",
        "coordinates": [
          [
            10.3123579,
            36.9130456
          ],
          [
            10.3122154,
            36.9130946
          ],
          [
            10.3120862,
            36.9128462
          ],
          [
            10.311942,
            36.9125689
          ]
        ]
      },
      "id": "way/128242976"
    },
    {
      "type": "Feature",
      "properties": {
        "@id": "way/128242977",
        "access": "private",
        "highway": "service"
      },
      "geometry": {
        "type": "LineString",
        "coordinates": [
          [
            10.2869414,
            36.915449
          ],
          [
            10.2871798,
            36.9154388
          ],
          [
            10.2872847,
            36.9154634
          ],
          [
            10.2874396,
            36.9155444
          ],
          [
            10.2881256,
            36.9160691
          ]
        ]
      },
      "id": "way/128242977"
    },
    {
      "type": "Feature",
      "properties": {
        "@id": "way/128242979",
        "highway": "tertiary",
        "name": "نهج الغابة",
        "name:ar": "نهج الغابة",
        "name:fr": "Rue de la Forêt",
        "surface": "sand"
      },
      "geometry": {
        "type": "LineString",
        "coordinates": [
          [
            10.2926871,
            36.9147058
          ],
          [
            10.2927223,
            36.9147433
          ],
          [
            10.2931542,
            36.9150431
          ],
          [
            10.2935686,
            36.915362
          ],
          [
            10.2938515,
            36.9156167
          ],
          [
            10.2940205,
            36.9157583
          ],
          [
            10.2941143,
            36.9158258
          ],
          [
            10.2944845,
            36.9160821
          ],
          [
            10.2946159,
            36.9161872
          ],
          [
            10.2947648,
            36.9163705
          ],
          [
            10.2949807,
            36.9167265
          ],
          [
            10.2953361,
            36.9173076
          ],
          [
            10.295721,
            36.9178748
          ],
          [
            10.2960844,
            36.9184329
          ]
        ]
      },
      "id": "way/128242979"
    },
    {
      "type": "Feature",
      "properties": {
        "@id": "way/128242983",
        "highway": "service"
      },
      "geometry": {
        "type": "LineString",
        "coordinates": [
          [
            10.3120013,
            36.9146298
          ],
          [
            10.3121926,
            36.9145681
          ],
          [
            10.3124043,
            36.9144999
          ],
          [
            10.3124359,
            36.9144402
          ],
          [
            10.312741,
            36.9143409
          ],
          [
            10.3127771,
            36.9142686
          ],
          [
            10.3127726,
            36.9142126
          ],
          [
            10.3127128,
            36.9140644
          ],
          [
            10.3126842,
            36.9140122
          ]
        ]
      },
      "id": "way/128242983"
    },
    {
      "type": "Feature",
      "properties": {
        "@id": "way/128999939",
        "highway": "service",
        "service": "parking_aisle"
      },
      "geometry": {
        "type": "LineString",
        "coordinates": [
          [
            10.3133847,
            36.8980546
          ],
          [
            10.3133116,
            36.8978843
          ]
        ]
      },
      "id": "way/128999939"
    },
    {
      "type": "Feature",
      "properties": {
        "@id": "way/128999945",
        "highway": "residential",
        "lit": "yes",
        "name": "نهج بولا ريجيا",
        "name:ar": "نهج بولا ريجيا",
        "name:fr": "Rue Bulla Regia",
        "surface": "asphalt"
      },
      "geometry": {
        "type": "LineString",
        "coordinates": [
          [
            10.2964945,
            36.9065264
          ],
          [
            10.2952081,
            36.9057924
          ]
        ]
      },
      "id": "way/128999945"
    },
    {
      "type": "Feature",
      "properties": {
        "@id": "way/128999999",
        "highway": "residential"
      },
      "geometry": {
        "type": "LineString",
        "coordinates": [
          [
            10.3058624,
            36.9041183
          ],
          [
            10.3056465,
            36.9043884
          ],
          [
            10.3053736,
            36.9046051
          ],
          [
            10.3053797,
            36.9046554
          ],
          [
            10.30568,
            36.9049904
          ],
          [
            10.3058812,
            36.9052002
          ]
        ]
      },
      "id": "way/128999999"
    },
    {
      "type": "Feature",
      "properties": {
        "@id": "way/129000025",
        "highway": "residential",
        "name": "Rue Banou Oumaya",
        "name:fr": "Rue Banou Oumaya",
        "postal_code": "1057"
      },
      "geometry": {
        "type": "LineString",
        "coordinates": [
          [
            10.3021838,
            36.9046201
          ],
          [
            10.3021422,
            36.9045708
          ],
          [
            10.3020912,
            36.904545
          ],
          [
            10.3020295,
            36.9045447
          ],
          [
            10.3019142,
            36.9045857
          ],
          [
            10.3016969,
            36.9046705
          ],
          [
            10.3014609,
            36.9048174
          ],
          [
            10.3012611,
            36.904959
          ],
          [
            10.3011947,
            36.9050148
          ],
          [
            10.3011424,
            36.9050652
          ],
          [
            10.30108,
            36.9051317
          ]
        ]
      },
      "id": "way/129000025"
    },
    {
      "type": "Feature",
      "properties": {
        "@id": "way/129000032",
        "highway": "residential"
      },
      "geometry": {
        "type": "LineString",
        "coordinates": [
          [
            10.3062997,
            36.9048045
          ],
          [
            10.3065316,
            36.904944
          ],
          [
            10.3067382,
            36.9050351
          ],
          [
            10.306883,
            36.9050523
          ],
          [
            10.3069755,
            36.9051037
          ],
          [
            10.3070547,
            36.9051659
          ],
          [
            10.3070748,
            36.9052603
          ],
          [
            10.3070466,
            36.9053933
          ]
        ]
      },
      "id": "way/129000032"
    },
    {
      "type": "Feature",
      "properties": {
        "@id": "way/129014830",
        "highway": "residential"
      },
      "geometry": {
        "type": "LineString",
        "coordinates": [
          [
            10.3088871,
            36.9055544
          ],
          [
            10.309743,
            36.9059515
          ]
        ]
      },
      "id": "way/129014830"
    },
    {
      "type": "Feature",
      "properties": {
        "@id": "way/129014846",
        "highway": "residential"
      },
      "geometry": {
        "type": "LineString",
        "coordinates": [
          [
            10.3099873,
            36.9076873
          ],
          [
            10.309757,
            36.9076812
          ],
          [
            10.3083368,
            36.9076681
          ]
        ]
      },
      "id": "way/129014846"
    },
    {
      "type": "Feature",
      "properties": {
        "@id": "way/129014848",
        "highway": "residential"
      },
      "geometry": {
        "type": "LineString",
        "coordinates": [
          [
            10.3133726,
            36.9023927
          ],
          [
            10.3120033,
            36.9028238
          ],
          [
            10.3117633,
            36.9029193
          ],
          [
            10.311605,
            36.9029954
          ],
          [
            10.3114817,
            36.9030898
          ],
          [
            10.311255,
            36.903285
          ]
        ]
      },
      "id": "way/129014848"
    },
    {
      "type": "Feature",
      "properties": {
        "@id": "way/129014850",
        "highway": "residential"
      },
      "geometry": {
        "type": "LineString",
        "coordinates": [
          [
            10.3097462,
            36.9068426
          ],
          [
            10.3083399,
            36.9068183
          ],
          [
            10.3079751,
            36.9068098
          ]
        ]
      },
      "id": "way/129014850"
    },
    {
      "type": "Feature",
      "properties": {
        "@id": "way/129014861",
        "highway": "residential"
      },
      "geometry": {
        "type": "LineString",
        "coordinates": [
          [
            10.3083421,
            36.906408
          ],
          [
            10.3083399,
            36.9068183
          ],
          [
            10.3083328,
            36.9071616
          ],
          [
            10.3083368,
            36.9076681
          ],
          [
            10.3083393,
            36.9079843
          ]
        ]
      },
      "id": "way/129014861"
    },
    {
      "type": "Feature",
      "properties": {
        "@id": "way/129014862",
        "highway": "residential"
      },
      "geometry": {
        "type": "LineString",
        "coordinates": [
          [
            10.309757,
            36.9076812
          ],
          [
            10.3097462,
            36.9068426
          ],
          [
            10.3097402,
            36.9063418
          ],
          [
            10.3097443,
            36.9062308
          ],
          [
            10.3097684,
            36.9061842
          ],
          [
            10.30982,
            36.9061509
          ],
          [
            10.3099132,
            36.9061048
          ],
          [
            10.3100346,
            36.9060737
          ]
        ]
      },
      "id": "way/129014862"
    },
    {
      "type": "Feature",
      "properties": {
        "@id": "way/129014863",
        "highway": "residential"
      },
      "geometry": {
        "type": "LineString",
        "coordinates": [
          [
            10.3121737,
            36.9040539
          ],
          [
            10.3121549,
            36.9039552
          ],
          [
            10.3121079,
            36.903893
          ],
          [
            10.3119215,
            36.9037557
          ],
          [
            10.311774,
            36.9036431
          ],
          [
            10.311255,
            36.903285
          ],
          [
            10.3109248,
            36.9030532
          ]
        ]
      },
      "id": "way/129014863"
    },
    {
      "type": "Feature",
      "properties": {
        "@id": "way/129014866",
        "highway": "residential"
      },
      "geometry": {
        "type": "LineString",
        "coordinates": [
          [
            10.311774,
            36.9036431
          ],
          [
            10.3128576,
            36.9033611
          ],
          [
            10.3129663,
            36.9033203
          ],
          [
            10.3130414,
            36.9032539
          ],
          [
            10.3130802,
            36.9031927
          ],
          [
            10.3133726,
            36.9023927
          ],
          [
            10.3135454,
            36.901996
          ]
        ]
      },
      "id": "way/129014866"
    },
    {
      "type": "Feature",
      "properties": {
        "@id": "way/129014870",
        "highway": "residential"
      },
      "geometry": {
        "type": "LineString",
        "coordinates": [
          [
            10.3099555,
            36.9056709
          ],
          [
            10.309743,
            36.9059515
          ],
          [
            10.3096631,
            36.9060506
          ],
          [
            10.3096175,
            36.9060952
          ],
          [
            10.3095713,
            36.9061252
          ],
          [
            10.3094573,
            36.9062008
          ],
          [
            10.3093513,
            36.9062501
          ],
          [
            10.309238,
            36.9062834
          ],
          [
            10.3091502,
            36.9062898
          ],
          [
            10.3090871,
            36.9062876
          ],
          [
            10.3090536,
            36.9062796
          ],
          [
            10.3084199,
            36.905967
          ]
        ]
      },
      "id": "way/129014870"
    },
    {
      "type": "Feature",
      "properties": {
        "@id": "way/147753097",
        "highway": "residential",
        "lit": "yes",
        "surface": "asphalt"
      },
      "geometry": {
        "type": "LineString",
        "coordinates": [
          [
            10.3032721,
            36.910183
          ],
          [
            10.3030958,
            36.9101878
          ],
          [
            10.3026773,
            36.9098994
          ],
          [
            10.3020805,
            36.9094736
          ],
          [
            10.3018626,
            36.9093332
          ],
          [
            10.3017781,
            36.9093025
          ],
          [
            10.3014153,
            36.9090688
          ],
          [
            10.3012919,
            36.908976
          ],
          [
            10.3012059,
            36.9088431
          ]
        ]
      },
      "id": "way/147753097"
    },
    {
      "type": "Feature",
      "properties": {
        "@id": "way/150833165",
        "highway": "residential"
      },
      "geometry": {
        "type": "LineString",
        "coordinates": [
          [
            10.3036783,
            36.9048735
          ],
          [
            10.3042809,
            36.9043222
          ]
        ]
      },
      "id": "way/150833165"
    },
    {
      "type": "Feature",
      "properties": {
        "@id": "way/150833182",
        "highway": "residential",
        "name": "زنقة 3 عبد الكريم الخطابي",
        "name:ar": "زنقة 3 عبد الكريم الخطابي",
        "name:fr": "Impasse 3 Abdelkarim El Khatabi"
      },
      "geometry": {
        "type": "LineString",
        "coordinates": [
          [
            10.2925949,
            36.9095351
          ],
          [
            10.2931709,
            36.9098033
          ]
        ]
      },
      "id": "way/150833182"
    },
    {
      "type": "Feature",
      "properties": {
        "@id": "way/150833184",
        "highway": "residential",
        "name": "Rue Othman Kaak",
        "surface": "ground"
      },
      "geometry": {
        "type": "LineString",
        "coordinates": [
          [
            10.2924299,
            36.9129393
          ],
          [
            10.2926544,
            36.9126721
          ]
        ]
      },
      "id": "way/150833184"
    },
    {
      "type": "Feature",
      "properties": {
        "@id": "way/150833186",
        "highway": "residential",
        "lit": "no",
        "name": "زنقة 5 حسن حسني عبد الوهاب",
        "name:ar": "زنقة 5 حسن حسني عبد الوهاب",
        "name:fr": "Impasse 5 Hassen Hosni Abdelwaheb",
        "surface": "dirt"
      },
      "geometry": {
        "type": "LineString",
        "coordinates": [
          [
            10.2951826,
            36.9105706
          ],
          [
            10.2943946,
            36.9102778
          ]
        ]
      },
      "id": "way/150833186"
    },
    {
      "type": "Feature",
      "properties": {
        "@id": "way/150833187",
        "highway": "residential",
        "lit": "no",
        "name": "نهج العنبر",
        "name:ar": "نهج العنبر",
        "name:fr": "Rue El Amber",
        "surface": "asphalt"
      },
      "geometry": {
        "type": "LineString",
        "coordinates": [
          [
            10.2982064,
            36.9111643
          ],
          [
            10.2980498,
            36.911437
          ]
        ]
      },
      "id": "way/150833187"
    },
    {
      "type": "Feature",
      "properties": {
        "@id": "way/150833192",
        "highway": "residential"
      },
      "geometry": {
        "type": "LineString",
        "coordinates": [
          [
            10.2933492,
            36.9126621
          ],
          [
            10.2936088,
            36.9122648
          ]
        ]
      },
      "id": "way/150833192"
    },
    {
      "type": "Feature",
      "properties": {
        "@id": "way/150833193",
        "highway": "residential"
      },
      "geometry": {
        "type": "LineString",
        "coordinates": [
          [
            10.2984997,
            36.9088968
          ],
          [
            10.2990563,
            36.9092002
          ],
          [
            10.2987921,
            36.9095551
          ]
        ]
      },
      "id": "way/150833193"
    },
    {
      "type": "Feature",
      "properties": {
        "@id": "way/150833194",
        "highway": "residential"
      },
      "geometry": {
        "type": "LineString",
        "coordinates": [
          [
            10.2946636,
            36.9084953
          ],
          [
            10.2948808,
            36.9081347
          ]
        ]
      },
      "id": "way/150833194"
    },
    {
      "type": "Feature",
      "properties": {
        "@id": "way/150833198",
        "highway": "residential",
        "name": "Impasse Saida Manoubia",
        "surface": "dirt"
      },
      "geometry": {
        "type": "LineString",
        "coordinates": [
          [
            10.2888496,
            36.9076636
          ],
          [
            10.2893618,
            36.9078749
          ]
        ]
      },
      "id": "way/150833198"
    },
    {
      "type": "Feature",
      "properties": {
        "@id": "way/150833200",
        "highway": "residential"
      },
      "geometry": {
        "type": "LineString",
        "coordinates": [
          [
            10.2939554,
            36.9147996
          ],
          [
            10.2943491,
            36.9144962
          ]
        ]
      },
      "id": "way/150833200"
    },
    {
      "type": "Feature",
      "properties": {
        "@id": "way/150833201",
        "highway": "living_street"
      },
      "geometry": {
        "type": "LineString",
        "coordinates": [
          [
            10.287354,
            36.9082121
          ],
          [
            10.2872182,
            36.9084661
          ]
        ]
      },
      "id": "way/150833201"
    },
    {
      "type": "Feature",
      "properties": {
        "@id": "way/150833204",
        "highway": "residential",
        "lit": "no",
        "name": "نهج السعادة",
        "name:ar": "نهج السعادة",
        "name:fr": "Rue du Bonheur",
        "surface": "dirt",
        "width": "4"
      },
      "geometry": {
        "type": "LineString",
        "coordinates": [
          [
            10.2883455,
            36.9083229
          ],
          [
            10.2890904,
            36.9086888
          ]
        ]
      },
      "id": "way/150833204"
    },
    {
      "type": "Feature",
      "properties": {
        "@id": "way/150833209",
        "highway": "residential"
      },
      "geometry": {
        "type": "LineString",
        "coordinates": [
          [
            10.2942133,
            36.9083529
          ],
          [
            10.2944506,
            36.9079559
          ]
        ]
      },
      "id": "way/150833209"
    },
    {
      "type": "Feature",
      "properties": {
        "@id": "way/150833210",
        "highway": "residential"
      },
      "geometry": {
        "type": "LineString",
        "coordinates": [
          [
            10.2954125,
            36.9076335
          ],
          [
            10.2958469,
            36.9077755
          ]
        ]
      },
      "id": "way/150833210"
    },
    {
      "type": "Feature",
      "properties": {
        "@id": "way/150833211",
        "highway": "residential",
        "lit": "no",
        "name": "نهج أبو عبيد البكري",
        "name:ar": "نهج أبو عبيد البكري",
        "name:fr": "Rue Abou Oubaida El Bekri",
        "surface": "dirt"
      },
      "geometry": {
        "type": "LineString",
        "coordinates": [
          [
            10.2967577,
            36.9106022
          ],
          [
            10.2972061,
            36.9100014
          ]
        ]
      },
      "id": "way/150833211"
    },
    {
      "type": "Feature",
      "properties": {
        "@id": "way/150833214",
        "highway": "residential"
      },
      "geometry": {
        "type": "LineString",
        "coordinates": [
          [
            10.290478,
            36.9142582
          ],
          [
            10.2901816,
            36.9144361
          ]
        ]
      },
      "id": "way/150833214"
    },
    {
      "type": "Feature",
      "properties": {
        "@id": "way/150833216",
        "highway": "residential",
        "lit": "yes",
        "surface": "concrete"
      },
      "geometry": {
        "type": "LineString",
        "coordinates": [
          [
            10.29636,
            36.9080626
          ],
          [
            10.2966115,
            36.9075884
          ],
          [
            10.2969605,
            36.907713
          ]
        ]
      },
      "id": "way/150833216"
    },
    {
      "type": "Feature",
      "properties": {
        "@id": "way/150833217",
        "highway": "residential",
        "name": "Rue du Rossignol",
        "postal_code": "1057"
      },
      "geometry": {
        "type": "LineString",
        "coordinates": [
          [
            10.3038906,
            36.904001
          ],
          [
            10.3033854,
            36.9045703
          ]
        ]
      },
      "id": "way/150833217"
    },
    {
      "type": "Feature",
      "properties": {
        "@id": "way/150833221",
        "highway": "living_street",
        "lit": "yes",
        "name": "نهج الانس",
        "name:ar": "نهج الانس",
        "name:fr": "Rue El Ons",
        "surface": "ground"
      },
      "geometry": {
        "type": "LineString",
        "coordinates": [
          [
            10.2855028,
            36.9084871
          ],
          [
            10.2862443,
            36.9087446
          ],
          [
            10.2868665,
            36.9090461
          ],
          [
            10.2869945,
            36.9088952
          ],
          [
            10.2884643,
            36.9094858
          ],
          [
            10.2887752,
            36.9096189
          ]
        ]
      },
      "id": "way/150833221"
    },
    {
      "type": "Feature",
      "properties": {
        "@id": "way/150833223",
        "highway": "residential",
        "lit": "yes",
        "name": "Rue El Malek Ibn Hichem",
        "surface": "compacted"
      },
      "geometry": {
        "type": "LineString",
        "coordinates": [
          [
            10.2899253,
            36.911826
          ],
          [
            10.29013,
            36.9120322
          ],
          [
            10.2903365,
            36.9122059
          ]
        ]
      },
      "id": "way/150833223"
    },
    {
      "type": "Feature",
      "properties": {
        "@id": "way/150833227",
        "highway": "residential",
        "lit": "yes",
        "name": "نهج الحمد",
        "name:ar": "نهج الحمد",
        "name:fr": "Rue de la Louange",
        "surface": "asphalt"
      },
      "geometry": {
        "type": "LineString",
        "coordinates": [
          [
            10.2966758,
            36.9128127
          ],
          [
            10.29618,
            36.9126161
          ],
          [
            10.2955077,
            36.9123495
          ]
        ]
      },
      "id": "way/150833227"
    },
    {
      "type": "Feature",
      "properties": {
        "@id": "way/150833228",
        "highway": "residential",
        "name": "Rue Othman Kaak"
      },
      "geometry": {
        "type": "LineString",
        "coordinates": [
          [
            10.2926043,
            36.9130197
          ],
          [
            10.2924299,
            36.9129393
          ],
          [
            10.2914174,
            36.9124654
          ]
        ]
      },
      "id": "way/150833228"
    },
    {
      "type": "Feature",
      "properties": {
        "@id": "way/150833229",
        "highway": "living_street"
      },
      "geometry": {
        "type": "LineString",
        "coordinates": [
          [
            10.3038326,
            36.9056109
          ],
          [
            10.3039091,
            36.9056158
          ],
          [
            10.3039531,
            36.9056217
          ],
          [
            10.3039873,
            36.9056252
          ],
          [
            10.3040087,
            36.9056322
          ],
          [
            10.3040546,
            36.9056504
          ],
          [
            10.3043799,
            36.90584
          ]
        ]
      },
      "id": "way/150833229"
    },
    {
      "type": "Feature",
      "properties": {
        "@id": "way/150833230",
        "highway": "living_street",
        "name": "نهج سعد زغلول",
        "name:ar": "نهج سعد زغلول",
        "name:fr": "Rue Saad Zaghloul"
      },
      "geometry": {
        "type": "LineString",
        "coordinates": [
          [
            10.30154,
            36.9068646
          ],
          [
            10.3017532,
            36.9070188
          ],
          [
            10.3022388,
            36.9073733
          ]
        ]
      },
      "id": "way/150833230"
    },
    {
      "type": "Feature",
      "properties": {
        "@id": "way/150833233",
        "highway": "residential"
      },
      "geometry": {
        "type": "LineString",
        "coordinates": [
          [
            10.2969208,
            36.9082936
          ],
          [
            10.2966672,
            36.9087064
          ],
          [
            10.2964583,
            36.9090141
          ]
        ]
      },
      "id": "way/150833233"
    },
    {
      "type": "Feature",
      "properties": {
        "@id": "way/150833236",
        "highway": "residential",
        "lit": "yes",
        "surface": "dirt"
      },
      "geometry": {
        "type": "LineString",
        "coordinates": [
          [
            10.2910285,
            36.9105202
          ],
          [
            10.2917677,
            36.9108668
          ]
        ]
      },
      "id": "way/150833236"
    },
    {
      "type": "Feature",
      "properties": {
        "@id": "way/150833237",
        "highway": "residential"
      },
      "geometry": {
        "type": "LineString",
        "coordinates": [
          [
            10.3012996,
            36.907043
          ],
          [
            10.3019091,
            36.9074693
          ],
          [
            10.3020039,
            36.9075248
          ],
          [
            10.3021372,
            36.9075447
          ]
        ]
      },
      "id": "way/150833237"
    },
    {
      "type": "Feature",
      "properties": {
        "@id": "way/150833241",
        "highway": "residential",
        "surface": "ground"
      },
      "geometry": {
        "type": "LineString",
        "coordinates": [
          [
            10.2927177,
            36.9127052
          ],
          [
            10.2929181,
            36.9124246
          ],
          [
            10.2932346,
            36.9119989
          ]
        ]
      },
      "id": "way/150833241"
    },
    {
      "type": "Feature",
      "properties": {
        "@id": "way/150833248",
        "highway": "residential",
        "lit": "no",
        "surface": "dirt"
      },
      "geometry": {
        "type": "LineString",
        "coordinates": [
          [
            10.28625,
            36.9104207
          ],
          [
            10.2861266,
            36.910572
          ],
          [
            10.2859856,
            36.9107749
          ],
          [
            10.2858684,
            36.9109857
          ]
        ]
      },
      "id": "way/150833248"
    },
    {
      "type": "Feature",
      "properties": {
        "@id": "way/150833250",
        "highway": "residential",
        "lit": "no",
        "surface": "dirt"
      },
      "geometry": {
        "type": "LineString",
        "coordinates": [
          [
            10.2937516,
            36.9077029
          ],
          [
            10.2943825,
            36.9079208
          ],
          [
            10.294442,
            36.9078339
          ],
          [
            10.2946492,
            36.9075231
          ]
        ]
      },
      "id": "way/150833250"
    },
    {
      "type": "Feature",
      "properties": {
        "@id": "way/150833252",
        "highway": "residential",
        "lit": "yes",
        "name": "نهج الرحمة",
        "name:fr": "Rue de la Clémence",
        "surface": "asphalt"
      },
      "geometry": {
        "type": "LineString",
        "coordinates": [
          [
            10.2947768,
            36.9114178
          ],
          [
            10.2954903,
            36.9117126
          ],
          [
            10.2955319,
            36.911741
          ],
          [
            10.2955352,
            36.9117861
          ],
          [
            10.2952328,
            36.9121941
          ],
          [
            10.2951912,
            36.9122219
          ],
          [
            10.2951268,
            36.9122134
          ],
          [
            10.2945315,
            36.9119507
          ]
        ]
      },
      "id": "way/150833252"
    },
    {
      "type": "Feature",
      "properties": {
        "@id": "way/150833255",
        "highway": "residential"
      },
      "geometry": {
        "type": "LineString",
        "coordinates": [
          [
            10.2884807,
            36.9145442
          ],
          [
            10.2887642,
            36.9143682
          ],
          [
            10.2888196,
            36.9143416
          ],
          [
            10.2888925,
            36.9143264
          ],
          [
            10.2889939,
            36.9143327
          ],
          [
            10.2892536,
            36.9143403
          ]
        ]
      },
      "id": "way/150833255"
    },
    {
      "type": "Feature",
      "properties": {
        "@id": "way/150833257",
        "highway": "residential"
      },
      "geometry": {
        "type": "LineString",
        "coordinates": [
          [
            10.2939986,
            36.9098308
          ],
          [
            10.2940666,
            36.9097189
          ],
          [
            10.2942725,
            36.9094308
          ],
          [
            10.2943978,
            36.9094816
          ]
        ]
      },
      "id": "way/150833257"
    },
    {
      "type": "Feature",
      "properties": {
        "@id": "way/150833258",
        "highway": "residential"
      },
      "geometry": {
        "type": "LineString",
        "coordinates": [
          [
            10.2924102,
            36.909788
          ],
          [
            10.2936309,
            36.9103426
          ]
        ]
      },
      "id": "way/150833258"
    },
    {
      "type": "Feature",
      "properties": {
        "@id": "way/150833259",
        "highway": "living_street"
      },
      "geometry": {
        "type": "LineString",
        "coordinates": [
          [
            10.286366,
            36.9082427
          ],
          [
            10.2866551,
            36.9078829
          ],
          [
            10.2868929,
            36.9079763
          ],
          [
            10.287354,
            36.9082121
          ],
          [
            10.2874424,
            36.9082402
          ]
        ]
      },
      "id": "way/150833259"
    },
    {
      "type": "Feature",
      "properties": {
        "@id": "way/150833261",
        "highway": "residential",
        "name": "نهج المسك",
        "name:ar": "نهج المسك",
        "name:fr": "Rue du Musc",
        "surface": "asphalt"
      },
      "geometry": {
        "type": "LineString",
        "coordinates": [
          [
            10.297746,
            36.9117263
          ],
          [
            10.2976572,
            36.9116796
          ],
          [
            10.2972716,
            36.9114949
          ],
          [
            10.2972204,
            36.9114489
          ],
          [
            10.2967081,
            36.9111915
          ]
        ]
      },
      "id": "way/150833261"
    },
    {
      "type": "Feature",
      "properties": {
        "@id": "way/150833271",
        "highway": "residential",
        "name": "زنقة سيبويه",
        "name:ar": "زنقة سيبويه",
        "name:fr": "Impasse Sîbawayh"
      },
      "geometry": {
        "type": "LineString",
        "coordinates": [
          [
            10.2928271,
            36.9092102
          ],
          [
            10.293297,
            36.9094244
          ],
          [
            10.2937429,
            36.9095959
          ],
          [
            10.2940666,
            36.9097189
          ],
          [
            10.2944936,
            36.9099026
          ],
          [
            10.2945665,
            36.9098027
          ]
        ]
      },
      "id": "way/150833271"
    },
    {
      "type": "Feature",
      "properties": {
        "@id": "way/150833277",
        "highway": "residential"
      },
      "geometry": {
        "type": "LineString",
        "coordinates": [
          [
            10.2995786,
            36.9027285
          ],
          [
            10.3001892,
            36.9029978
          ],
          [
            10.3002428,
            36.9030201
          ],
          [
            10.3003176,
            36.9030383
          ],
          [
            10.3003981,
            36.9030375
          ],
          [
            10.3004597,
            36.9030313
          ],
          [
            10.3007461,
            36.9029214
          ],
          [
            10.3010277,
            36.902826
          ],
          [
            10.3012731,
            36.9027874
          ]
        ]
      },
      "id": "way/150833277"
    },
    {
      "type": "Feature",
      "properties": {
        "@id": "way/150833284",
        "highway": "living_street"
      },
      "geometry": {
        "type": "LineString",
        "coordinates": [
          [
            10.2856392,
            36.908327
          ],
          [
            10.2857948,
            36.9082968
          ],
          [
            10.2859609,
            36.908269
          ],
          [
            10.2861684,
            36.9082343
          ],
          [
            10.286366,
            36.9082427
          ],
          [
            10.2865618,
            36.9082627
          ],
          [
            10.2866651,
            36.9082635
          ],
          [
            10.2868838,
            36.9083435
          ],
          [
            10.2872182,
            36.9084661
          ],
          [
            10.2873711,
            36.9085661
          ]
        ]
      },
      "id": "way/150833284"
    },
    {
      "type": "Feature",
      "properties": {
        "@id": "way/150833377",
        "highway": "living_street"
      },
      "geometry": {
        "type": "LineString",
        "coordinates": [
          [
            10.3081751,
            36.9032844
          ],
          [
            10.3084979,
            36.9030489
          ]
        ]
      },
      "id": "way/150833377"
    },
    {
      "type": "Feature",
      "properties": {
        "@id": "way/176076228",
        "access": "yes",
        "alt_name": "Rue Hasan Hosni Abdelwaheb",
        "highway": "tertiary",
        "lane_markings": "no",
        "name": "نهج حسن حسني عبد الوهاب",
        "name:ar": "نهج حسن حسني عبد الوهاب",
        "name:fr": "Rue Hassen Hosni Abdelwaheb",
        "oneway": "no",
        "postal_code": "1057",
        "surface": "asphalt",
        "width": "6.8"
      },
      "geometry": {
        "type": "LineString",
        "coordinates": [
          [
            10.2926871,
            36.9147058
          ],
          [
            10.2928926,
            36.9146297
          ],
          [
            10.2933654,
            36.9142925
          ],
          [
            10.2934646,
            36.9141864
          ],
          [
            10.2936697,
            36.9139279
          ],
          [
            10.2937912,
            36.9137381
          ],
          [
            10.2942056,
            36.9129986
          ],
          [
            10.2942317,
            36.9129541
          ],
          [
            10.2942967,
            36.9128535
          ],
          [
            10.2943504,
            36.9127441
          ],
          [
            10.2944026,
            36.9124868
          ],
          [
            10.2944429,
            36.9122541
          ],
          [
            10.2944858,
            36.9121018
          ],
          [
            10.2945315,
            36.9119507
          ],
          [
            10.2945722,
            36.9118453
          ],
          [
            10.2947768,
            36.9114178
          ],
          [
            10.2949613,
            36.9110376
          ],
          [
            10.2950947,
            36.910769
          ],
          [
            10.2951826,
            36.9105706
          ],
          [
            10.2952362,
            36.9104456
          ],
          [
            10.2953133,
            36.9102392
          ],
          [
            10.2953472,
            36.9101246
          ],
          [
            10.2953884,
            36.909999
          ],
          [
            10.2954081,
            36.9098706
          ],
          [
            10.2954099,
            36.909613
          ],
          [
            10.2954008,
            36.9093519
          ],
          [
            10.2953916,
            36.909154
          ],
          [
            10.2953911,
            36.9089521
          ],
          [
            10.2954112,
            36.9086981
          ],
          [
            10.2954271,
            36.908645
          ],
          [
            10.2954649,
            36.9085192
          ],
          [
            10.2955081,
            36.9084252
          ],
          [
            10.2955748,
            36.9083007
          ],
          [
            10.2958048,
            36.9078635
          ],
          [
            10.2958469,
            36.9077755
          ],
          [
            10.2959886,
            36.9074961
          ],
          [
            10.2960588,
            36.9073555
          ],
          [
            10.2962437,
            36.9069853
          ],
          [
            10.2963168,
            36.906839
          ],
          [
            10.2964945,
            36.9065264
          ],
          [
            10.2965736,
            36.9063872
          ],
          [
            10.2966466,
            36.9062898
          ],
          [
            10.2967135,
            36.9062456
          ],
          [
            10.2967778,
            36.9062394
          ],
          [
            10.2968824,
            36.90625
          ],
          [
            10.2971245,
            36.9062379
          ],
          [
            10.2976936,
            36.9060958
          ],
          [
            10.2978078,
            36.906042
          ],
          [
            10.2978936,
            36.9059696
          ],
          [
            10.2981644,
            36.9056541
          ],
          [
            10.2982435,
            36.9055684
          ],
          [
            10.298418,
            36.9054062
          ],
          [
            10.2985381,
            36.9053277
          ],
          [
            10.2991797,
            36.9049767
          ]
        ]
      },
      "id": "way/176076228"
    },
    {
      "type": "Feature",
      "properties": {
        "@id": "way/176524780",
        "highway": "tertiary",
        "maxspeed:forward": "50",
        "name": "شارع فرحات حشاد",
        "name:ar": "شارع فرحات حشاد",
        "name:fr": "Avenue Farhat Hached",
        "postal_code": "1057",
        "surface": "asphalt",
        "width": "8"
      },
      "geometry": {
        "type": "LineString",
        "coordinates": [
          [
            10.3078356,
            36.9003267
          ],
          [
            10.3083096,
            36.8999856
          ],
          [
            10.3083743,
            36.8999416
          ],
          [
            10.308892,
            36.8995899
          ],
          [
            10.3093761,
            36.8992806
          ],
          [
            10.3096121,
            36.8991185
          ],
          [
            10.3097155,
            36.8990445
          ],
          [
            10.3098952,
            36.898949
          ],
          [
            10.3099944,
            36.8988976
          ],
          [
            10.3101137,
            36.8988579
          ],
          [
            10.3102224,
            36.8988236
          ],
          [
            10.3103391,
            36.8987882
          ],
          [
            10.3104638,
            36.8987646
          ],
          [
            10.3106139,
            36.8987335
          ],
          [
            10.3111121,
            36.8986349
          ],
          [
            10.3113838,
            36.8985812
          ],
          [
            10.3116848,
            36.8985185
          ],
          [
            10.3121053,
            36.8984235
          ],
          [
            10.3125505,
            36.898312
          ],
          [
            10.3128496,
            36.8982166
          ],
          [
            10.3131393,
            36.8981265
          ],
          [
            10.3133847,
            36.8980546
          ],
          [
            10.3135483,
            36.898001
          ],
          [
            10.3137293,
            36.8979345
          ],
          [
            10.3138889,
            36.8978744
          ],
          [
            10.3140271,
            36.8978133
          ],
          [
            10.3141947,
            36.8977254
          ],
          [
            10.3142805,
            36.8976696
          ],
          [
            10.314361,
            36.8976095
          ],
          [
            10.3144462,
            36.8975227
          ],
          [
            10.3144991,
            36.8974696
          ],
          [
            10.3145622,
            36.8973977
          ],
          [
            10.3146058,
            36.897336
          ],
          [
            10.314646,
            36.8972813
          ],
          [
            10.3146916,
            36.8971918
          ],
          [
            10.3147372,
            36.8970749
          ],
          [
            10.3147667,
            36.8969869
          ]
        ]
      },
      "id": "way/176524780"
    },
    {
      "type": "Feature",
      "properties": {
        "@id": "way/193080628",
        "access": "private",
        "highway": "service",
        "junction": "roundabout"
      },
      "geometry": {
        "type": "LineString",
        "coordinates": [
          [
            10.282885,
            36.9157416
          ],
          [
            10.2828217,
            36.9157994
          ],
          [
            10.2827354,
            36.9158334
          ],
          [
            10.2826395,
            36.9158384
          ],
          [
            10.2825485,
            36.9158137
          ],
          [
            10.2824762,
            36.915763
          ],
          [
            10.2824337,
            36.9156941
          ],
          [
            10.282427,
            36.915618
          ],
          [
            10.2824584,
            36.9155446
          ],
          [
            10.2825217,
            36.9154869
          ],
          [
            10.282608,
            36.9154529
          ],
          [
            10.2827039,
            36.9154478
          ],
          [
            10.2827949,
            36.9154726
          ],
          [
            10.2828672,
            36.9155232
          ],
          [
            10.2829097,
            36.9155922
          ],
          [
            10.282916,
            36.9156689
          ],
          [
            10.282885,
            36.9157416
          ]
        ]
      },
      "id": "way/193080628"
    },
    {
      "type": "Feature",
      "properties": {
        "@id": "way/193080629",
        "highway": "residential",
        "lit": "yes",
        "name": "نهج طبرق",
        "name:ar": "نهج طبرق",
        "name:fr": "Rue de Tobrouk",
        "surface": "concrete"
      },
      "geometry": {
        "type": "LineString",
        "coordinates": [
          [
            10.2843458,
            36.9145413
          ],
          [
            10.2846797,
            36.9148478
          ],
          [
            10.2852372,
            36.9153474
          ]
        ]
      },
      "id": "way/193080629"
    },
    {
      "type": "Feature",
      "properties": {
        "@id": "way/193080630",
        "highway": "residential",
        "smoothness": "intermediate",
        "surface": "dirt"
      },
      "geometry": {
        "type": "LineString",
        "coordinates": [
          [
            10.2898194,
            36.9113786
          ],
          [
            10.2901695,
            36.9117169
          ]
        ]
      },
      "id": "way/193080630"
    },
    {
      "type": "Feature",
      "properties": {
        "@id": "way/193080631",
        "highway": "service"
      },
      "geometry": {
        "type": "LineString",
        "coordinates": [
          [
            10.2916513,
            36.9082936
          ],
          [
            10.2919433,
            36.9084279
          ],
          [
            10.293035,
            36.90893
          ]
        ]
      },
      "id": "way/193080631"
    },
    {
      "type": "Feature",
      "properties": {
        "@id": "way/193080632",
        "highway": "residential",
        "name": "زنقة سانت اوقيستان",
        "name:ar": "زنقة سانت اوقيستان",
        "name:fr": "Impasse Saint Augustin",
        "surface": "unpaved"
      },
      "geometry": {
        "type": "LineString",
        "coordinates": [
          [
            10.2862049,
            36.9139315
          ],
          [
            10.285623,
            36.9144031
          ]
        ]
      },
      "id": "way/193080632"
    },
    {
      "type": "Feature",
      "properties": {
        "@id": "way/193080634",
        "highway": "residential",
        "lit": "yes",
        "name": "نهج حانون",
        "name:ar": "نهج حانون",
        "name:fr": "Rue Hannon",
        "surface": "dirt"
      },
      "geometry": {
        "type": "LineString",
        "coordinates": [
          [
            10.2847776,
            36.9142475
          ],
          [
            10.2852419,
            36.9146636
          ],
          [
            10.2856525,
            36.9150373
          ]
        ]
      },
      "id": "way/193080634"
    },
    {
      "type": "Feature",
      "properties": {
        "@id": "way/193080635",
        "highway": "residential",
        "name": "Rue des Jasmins"
      },
      "geometry": {
        "type": "LineString",
        "coordinates": [
          [
            10.2832433,
            36.9092305
          ],
          [
            10.2842064,
            36.9099995
          ],
          [
            10.2842761,
            36.9100552
          ],
          [
            10.28515,
            36.9107358
          ]
        ]
      },
      "id": "way/193080635"
    },
    {
      "type": "Feature",
      "properties": {
        "@id": "way/193080636",
        "highway": "residential"
      },
      "geometry": {
        "type": "LineString",
        "coordinates": [
          [
            10.290879,
            36.9109153
          ],
          [
            10.291215,
            36.9111046
          ],
          [
            10.291408,
            36.9112022
          ]
        ]
      },
      "id": "way/193080636"
    },
    {
      "type": "Feature",
      "properties": {
        "@id": "way/193080637",
        "access": "no",
        "highway": "service",
        "surface": "asphalt"
      },
      "geometry": {
        "type": "LineString",
        "coordinates": [
          [
            10.2835098,
            36.9150801
          ],
          [
            10.2833305,
            36.9149362
          ],
          [
            10.2830734,
            36.9147225
          ]
        ]
      },
      "id": "way/193080637"
    },
    {
      "type": "Feature",
      "properties": {
        "@id": "way/193080638",
        "highway": "residential",
        "lit": "yes",
        "name": "نهج القديس اوقيستان",
        "name:ar": "نهج القديس اوقيستان",
        "name:fr": "Rue Saint Augustin",
        "surface": "asphalt"
      },
      "geometry": {
        "type": "LineString",
        "coordinates": [
          [
            10.2852242,
            36.9140577
          ],
          [
            10.285623,
            36.9144031
          ],
          [
            10.2860309,
            36.9147566
          ],
          [
            10.2856525,
            36.9150373
          ],
          [
            10.2852372,
            36.9153474
          ],
          [
            10.284812,
            36.9156688
          ]
        ]
      },
      "id": "way/193080638"
    },
    {
      "type": "Feature",
      "properties": {
        "@id": "way/193080639",
        "highway": "residential",
        "smoothness": "intermediate",
        "surface": "dirt"
      },
      "geometry": {
        "type": "LineString",
        "coordinates": [
          [
            10.2903163,
            36.911058
          ],
          [
            10.2898194,
            36.9113786
          ],
          [
            10.2896666,
            36.9114413
          ],
          [
            10.2895714,
            36.9114536
          ],
          [
            10.2894922,
            36.9114376
          ],
          [
            10.2894218,
            36.9114059
          ],
          [
            10.2893662,
            36.9113534
          ],
          [
            10.2893487,
            36.911296
          ],
          [
            10.2893682,
            36.9112327
          ],
          [
            10.2894191,
            36.911177
          ],
          [
            10.2895761,
            36.9110505
          ],
          [
            10.2897336,
            36.9109309
          ],
          [
            10.2898389,
            36.9107786
          ],
          [
            10.2899113,
            36.9106939
          ],
          [
            10.2901179,
            36.9104955
          ],
          [
            10.2902379,
            36.9104038
          ],
          [
            10.2902962,
            36.9102955
          ],
          [
            10.2908407,
            36.9097567
          ],
          [
            10.2908514,
            36.9096774
          ],
          [
            10.290868,
            36.9096347
          ]
        ]
      },
      "id": "way/193080639"
    },
    {
      "type": "Feature",
      "properties": {
        "@id": "way/193080640",
        "access": "no",
        "highway": "service",
        "surface": "asphalt"
      },
      "geometry": {
        "type": "LineString",
        "coordinates": [
          [
            10.2827751,
            36.915333
          ],
          [
            10.2825271,
            36.9150009
          ],
          [
            10.2825673,
            36.9146155
          ]
        ]
      },
      "id": "way/193080640"
    },
    {
      "type": "Feature",
      "properties": {
        "@id": "way/193080642",
        "highway": "residential"
      },
      "geometry": {
        "type": "LineString",
        "coordinates": [
          [
            10.2840924,
            36.9104619
          ],
          [
            10.2842927,
            36.9106439
          ],
          [
            10.2842811,
            36.9106989
          ],
          [
            10.2839546,
            36.9109742
          ]
        ]
      },
      "id": "way/193080642"
    },
    {
      "type": "Feature",
      "properties": {
        "@id": "way/193080643",
        "highway": "residential",
        "name": "Impasse Soufaytula 1"
      },
      "geometry": {
        "type": "LineString",
        "coordinates": [
          [
            10.2901792,
            36.9128136
          ],
          [
            10.2904823,
            36.9130406
          ],
          [
            10.2905044,
            36.9130529
          ],
          [
            10.2905309,
            36.9130572
          ],
          [
            10.2905496,
            36.9130575
          ],
          [
            10.2906864,
            36.913043
          ],
          [
            10.2907163,
            36.9130449
          ],
          [
            10.2907397,
            36.9130556
          ],
          [
            10.29075,
            36.9130735
          ],
          [
            10.2907622,
            36.9130859
          ],
          [
            10.290959,
            36.9131943
          ]
        ]
      },
      "id": "way/193080643"
    },
    {
      "type": "Feature",
      "properties": {
        "@id": "way/193080646",
        "access": "no",
        "highway": "service",
        "surface": "asphalt"
      },
      "geometry": {
        "type": "LineString",
        "coordinates": [
          [
            10.2829533,
            36.9174126
          ],
          [
            10.2842317,
            36.9184533
          ],
          [
            10.2860229,
            36.9172635
          ],
          [
            10.2842885,
            36.9162583
          ],
          [
            10.2838994,
            36.9160193
          ]
        ]
      },
      "id": "way/193080646"
    },
    {
      "type": "Feature",
      "properties": {
        "@id": "way/193080647",
        "highway": "residential"
      },
      "geometry": {
        "type": "LineString",
        "coordinates": [
          [
            10.2842761,
            36.9100552
          ],
          [
            10.2842219,
            36.9101362
          ],
          [
            10.2840924,
            36.9104619
          ],
          [
            10.2839546,
            36.9109742
          ],
          [
            10.2839399,
            36.9112074
          ],
          [
            10.2839213,
            36.9113392
          ],
          [
            10.2839139,
            36.9114585
          ]
        ]
      },
      "id": "way/193080647"
    },
    {
      "type": "Feature",
      "properties": {
        "@id": "way/193536402",
        "highway": "residential",
        "name": "نهج العندليب",
        "name:ar": "نهج العندليب",
        "name:fr": "Rue du Rossignol",
        "postal_code": "1057",
        "surface": "asphalt"
      },
      "geometry": {
        "type": "LineString",
        "coordinates": [
          [
            10.3042311,
            36.9042812
          ],
          [
            10.3043658,
            36.9040281
          ],
          [
            10.3046206,
            36.9037708
          ],
          [
            10.3049384,
            36.9035344
          ],
          [
            10.3059147,
            36.9028882
          ],
          [
            10.3064002,
            36.9025283
          ],
          [
            10.3068113,
            36.9022662
          ],
          [
            10.3068609,
            36.902213
          ],
          [
            10.306879,
            36.9021707
          ],
          [
            10.3065275,
            36.9017161
          ],
          [
            10.3062404,
            36.9013718
          ]
        ]
      },
      "id": "way/193536402"
    },
    {
      "type": "Feature",
      "properties": {
        "@id": "way/193536406",
        "highway": "service"
      },
      "geometry": {
        "type": "LineString",
        "coordinates": [
          [
            10.2934078,
            36.9069928
          ],
          [
            10.2940336,
            36.9072907
          ]
        ]
      },
      "id": "way/193536406"
    },
    {
      "type": "Feature",
      "properties": {
        "@id": "way/193536407",
        "highway": "residential",
        "name": "زنقة عزيزة عثمانة",
        "name:ar": "زنقة عزيزة عثمانة",
        "name:fr": "Impasse Aziza Othmana",
        "surface": "unpaved"
      },
      "geometry": {
        "type": "LineString",
        "coordinates": [
          [
            10.2894776,
            36.9067338
          ],
          [
            10.2886274,
            36.9063476
          ]
        ]
      },
      "id": "way/193536407"
    },
    {
      "type": "Feature",
      "properties": {
        "@id": "way/193536408",
        "highway": "living_street"
      },
      "geometry": {
        "type": "LineString",
        "coordinates": [
          [
            10.3089517,
            36.9034678
          ],
          [
            10.3092883,
            36.903264
          ]
        ]
      },
      "id": "way/193536408"
    },
    {
      "type": "Feature",
      "properties": {
        "@id": "way/193536411",
        "highway": "residential",
        "lit": "no",
        "name": "زنقة 9 حسن حسني عبد الوهاب",
        "name:ar": "زنقة 9 حسن حسني عبد الوهاب",
        "name:fr": "Impasse 9 Hassen Hosni Abdelwaheb",
        "surface": "dirt"
      },
      "geometry": {
        "type": "LineString",
        "coordinates": [
          [
            10.2953911,
            36.9089521
          ],
          [
            10.2959788,
            36.9091559
          ],
          [
            10.2960147,
            36.9090994
          ],
          [
            10.2960406,
            36.9090626
          ]
        ]
      },
      "id": "way/193536411"
    },
    {
      "type": "Feature",
      "properties": {
        "@id": "way/208578843",
        "access": "private",
        "highway": "service",
        "surface": "asphalt"
      },
      "geometry": {
        "type": "LineString",
        "coordinates": [
          [
            10.2826795,
            36.916977
          ],
          [
            10.2825684,
            36.9169695
          ],
          [
            10.282504,
            36.9169394
          ],
          [
            10.2824331,
            36.9168786
          ]
        ]
      },
      "id": "way/208578843"
    },
    {
      "type": "Feature",
      "properties": {
        "@id": "way/208578844",
        "access": "no",
        "highway": "service",
        "surface": "asphalt"
      },
      "geometry": {
        "type": "LineString",
        "coordinates": [
          [
            10.2820212,
            36.9167765
          ],
          [
            10.2824447,
            36.91682
          ]
        ]
      },
      "id": "way/208578844"
    },
    {
      "type": "Feature",
      "properties": {
        "@id": "way/211202289",
        "bicycle": "yes",
        "cycleway": "no",
        "foot": "yes",
        "highway": "residential",
        "lanes": "1",
        "lit": "no",
        "name": "نهج العلاء بن مغيث",
        "name:ar": "نهج العلاء بن مغيث",
        "name:fr": "Rue El Ala Ibn Moughith",
        "oneway": "no",
        "sidewalk": "no",
        "surface": "asphalt",
        "width": "2.7"
      },
      "geometry": {
        "type": "LineString",
        "coordinates": [
          [
            10.2906889,
            36.9032569
          ],
          [
            10.290954,
            36.9033943
          ],
          [
            10.2912589,
            36.9030535
          ]
        ]
      },
      "id": "way/211202289"
    },
    {
      "type": "Feature",
      "properties": {
        "@id": "way/212378219",
        "highway": "residential",
        "lit": "yes",
        "name": "Rue Moufida Tlatli",
        "postal_code": "1057",
        "surface": "ground"
      },
      "geometry": {
        "type": "LineString",
        "coordinates": [
          [
            10.2897243,
            36.9063902
          ],
          [
            10.2894776,
            36.9067338
          ],
          [
            10.2894265,
            36.906805
          ],
          [
            10.2891494,
            36.9072174
          ],
          [
            10.2888496,
            36.9076636
          ],
          [
            10.2886621,
            36.90792
          ]
        ]
      },
      "id": "way/212378219"
    },
    {
      "type": "Feature",
      "properties": {
        "@id": "way/220024975",
        "highway": "residential",
        "name": "نهج بولا ريجيا",
        "name:ar": "نهج بولا ريجيا",
        "name:fr": "Rue Bulla Regia",
        "surface": "ground"
      },
      "geometry": {
        "type": "LineString",
        "coordinates": [
          [
            10.2944244,
            36.9024248
          ],
          [
            10.2940728,
            36.9027573
          ],
          [
            10.2939484,
            36.9026812
          ]
        ]
      },
      "id": "way/220024975"
    },
    {
      "type": "Feature",
      "properties": {
        "@id": "way/221264406",
        "highway": "residential",
        "name": "زنقة عمر المختار",
        "name:ar": "زنقة عمر المختار",
        "name:fr": "Impasse Omar El Mokhtar",
        "postal_code": "1057"
      },
      "geometry": {
        "type": "LineString",
        "coordinates": [
          [
            10.3015552,
            36.9058687
          ],
          [
            10.301725,
            36.9055643
          ]
        ]
      },
      "id": "way/221264406"
    },
    {
      "type": "Feature",
      "properties": {
        "@id": "way/221264412",
        "highway": "residential",
        "lit": "yes",
        "name": "نهج عبد القادر الحسيني",
        "name:ar": "نهج عبد القادر الحسيني",
        "name:fr": "Rue Abdelkader Al Housseini",
        "postal_code": "1057",
        "surface": "compacted"
      },
      "geometry": {
        "type": "LineString",
        "coordinates": [
          [
            10.3004222,
            36.9059509
          ],
          [
            10.2997195,
            36.9056981
          ]
        ]
      },
      "id": "way/221264412"
    },
    {
      "type": "Feature",
      "properties": {
        "@id": "way/221264414",
        "highway": "residential",
        "lit": "yes",
        "name": "نهج عبد الحميد بن باديس",
        "name:ar": "نهج عبد الحميد بن باديس",
        "name:fr": "Rue Abdelhamid Ibn Badis",
        "postal_code": "1057",
        "surface": "compacted"
      },
      "geometry": {
        "type": "LineString",
        "coordinates": [
          [
            10.3002044,
            36.9062046
          ],
          [
            10.299502,
            36.9059486
          ]
        ]
      },
      "id": "way/221264414"
    },
    {
      "type": "Feature",
      "properties": {
        "@id": "way/221264416",
        "highway": "residential"
      },
      "geometry": {
        "type": "LineString",
        "coordinates": [
          [
            10.3088212,
            36.9005298
          ],
          [
            10.3091481,
            36.9003205
          ],
          [
            10.3091615,
            36.9002735
          ],
          [
            10.3089443,
            36.900059
          ]
        ]
      },
      "id": "way/221264416"
    },
    {
      "type": "Feature",
      "properties": {
        "@id": "way/230947027",
        "highway": "residential",
        "name": "زنقة 2 عبد الكريم الخطابي",
        "name:ar": "زنقة 2 عبد الكريم الخطابي",
        "name:fr": "Impasse 2 Abdelkarim El Khatabi"
      },
      "geometry": {
        "type": "LineString",
        "coordinates": [
          [
            10.2931632,
            36.9087282
          ],
          [
            10.2932601,
            36.9087702
          ],
          [
            10.2933594,
            36.9088014
          ],
          [
            10.2934394,
            36.9088101
          ],
          [
            10.2938272,
            36.9088123
          ]
        ]
      },
      "id": "way/230947027"
    },
    {
      "type": "Feature",
      "properties": {
        "@id": "way/247931251",
        "highway": "residential",
        "lanes": "1",
        "lit": "yes",
        "name": "نهج العلاء بن مغيث",
        "name:ar": "نهج العلاء بن مغيث",
        "name:fr": "Rue El Ala Ibn Moughith",
        "oneway": "no",
        "postal_code": "1057",
        "surface": "asphalt",
        "width": "3.5"
      },
      "geometry": {
        "type": "LineString",
        "coordinates": [
          [
            10.2933861,
            36.9038427
          ],
          [
            10.2932615,
            36.9037595
          ],
          [
            10.293066,
            36.9039602
          ],
          [
            10.2929279,
            36.903885
          ],
          [
            10.2924152,
            36.9036059
          ]
        ]
      },
      "id": "way/247931251"
    },
    {
      "type": "Feature",
      "properties": {
        "@id": "way/247931363",
        "highway": "residential",
        "lanes": "2",
        "lit": "yes",
        "name": "نهج أبو زكريا الحفصي",
        "name:ar": "نهج أبو زكريا الحفصي",
        "name:fr": "Rue Abou Zakaria El Hafsi",
        "oneway": "no",
        "sidewalk": "both",
        "surface": "asphalt",
        "width": "5.3"
      },
      "geometry": {
        "type": "LineString",
        "coordinates": [
          [
            10.291895,
            36.9041989
          ],
          [
            10.2923743,
            36.903647
          ],
          [
            10.2924152,
            36.9036059
          ],
          [
            10.2927224,
            36.9033231
          ],
          [
            10.2927893,
            36.9033021
          ],
          [
            10.2928543,
            36.9032792
          ],
          [
            10.2932806,
            36.9028291
          ],
          [
            10.2935595,
            36.9025519
          ],
          [
            10.2940831,
            36.9020315
          ]
        ]
      },
      "id": "way/247931363"
    },
    {
      "type": "Feature",
      "properties": {
        "@id": "way/269171013",
        "highway": "residential",
        "lit": "no",
        "surface": "unpaved",
        "tunnel": "no"
      },
      "geometry": {
        "type": "LineString",
        "coordinates": [
          [
            10.2871853,
            36.906714
          ],
          [
            10.2864881,
            36.9073105
          ],
          [
            10.2871971,
            36.9077787
          ],
          [
            10.2878314,
            36.9079863
          ],
          [
            10.2880762,
            36.9074231
          ]
        ]
      },
      "id": "way/269171013"
    },
    {
      "type": "Feature",
      "properties": {
        "@id": "way/369865240",
        "highway": "residential"
      },
      "geometry": {
        "type": "LineString",
        "coordinates": [
          [
            10.2998391,
            36.9099057
          ],
          [
            10.3000156,
            36.9096606
          ],
          [
            10.3000786,
            36.9095659
          ]
        ]
      },
      "id": "way/369865240"
    },
    {
      "type": "Feature",
      "properties": {
        "@id": "way/372219255",
        "highway": "residential",
        "lit": "yes",
        "name": "نهج الحق",
        "name:ar": "نهج الحق",
        "name:fr": "Rue de la Vérité",
        "surface": "asphalt"
      },
      "geometry": {
        "type": "LineString",
        "coordinates": [
          [
            10.2955077,
            36.9123495
          ],
          [
            10.2955829,
            36.9122514
          ],
          [
            10.2956854,
            36.9121806
          ],
          [
            10.2969495,
            36.9118649
          ]
        ]
      },
      "id": "way/372219255"
    },
    {
      "type": "Feature",
      "properties": {
        "@id": "way/372219257",
        "highway": "residential",
        "name": "Rue de l'Olivier"
      },
      "geometry": {
        "type": "LineString",
        "coordinates": [
          [
            10.2991513,
            36.9102426
          ],
          [
            10.2980353,
            36.9096792
          ]
        ]
      },
      "id": "way/372219257"
    },
    {
      "type": "Feature",
      "properties": {
        "@id": "way/372219258",
        "highway": "residential"
      },
      "geometry": {
        "type": "LineString",
        "coordinates": [
          [
            10.2975234,
            36.9123195
          ],
          [
            10.2966758,
            36.9128127
          ]
        ]
      },
      "id": "way/372219258"
    },
    {
      "type": "Feature",
      "properties": {
        "@id": "way/372219259",
        "highway": "residential",
        "lit": "no",
        "name": "Rue du Pin",
        "surface": "asphalt"
      },
      "geometry": {
        "type": "LineString",
        "coordinates": [
          [
            10.2989644,
            36.9104986
          ],
          [
            10.2978402,
            36.9099297
          ]
        ]
      },
      "id": "way/372219259"
    },
    {
      "type": "Feature",
      "properties": {
        "@id": "way/372219260",
        "highway": "residential",
        "name": "Rue du Jacaranda",
        "surface": "asphalt"
      },
      "geometry": {
        "type": "LineString",
        "coordinates": [
          [
            10.2974155,
            36.9105052
          ],
          [
            10.2978402,
            36.9099297
          ],
          [
            10.2980353,
            36.9096792
          ]
        ]
      },
      "id": "way/372219260"
    },
    {
      "type": "Feature",
      "properties": {
        "@id": "way/372219261",
        "highway": "residential",
        "name": "نهج البنفسج",
        "name:ar": "نهج البنفسج",
        "name:fr": "Rue des Violettes"
      },
      "geometry": {
        "type": "LineString",
        "coordinates": [
          [
            10.3015119,
            36.9095471
          ],
          [
            10.3024319,
            36.9101743
          ],
          [
            10.3024829,
            36.9102226
          ],
          [
            10.3025003,
            36.9102649
          ],
          [
            10.3024943,
            36.9103261
          ],
          [
            10.3024728,
            36.9103631
          ],
          [
            10.3023287,
            36.9104928
          ],
          [
            10.3022925,
            36.9105105
          ],
          [
            10.3022301,
            36.910518
          ],
          [
            10.3021718,
            36.9105121
          ],
          [
            10.3009446,
            36.9101266
          ]
        ]
      },
      "id": "way/372219261"
    },
    {
      "type": "Feature",
      "properties": {
        "@id": "way/372357422",
        "highway": "living_street"
      },
      "geometry": {
        "type": "LineString",
        "coordinates": [
          [
            10.2867433,
            36.913096
          ],
          [
            10.2865195,
            36.9129593
          ],
          [
            10.2863322,
            36.9128495
          ],
          [
            10.2863494,
            36.9128181
          ],
          [
            10.286344,
            36.9127913
          ],
          [
            10.2862219,
            36.9127152
          ]
        ]
      },
      "id": "way/372357422"
    },
    {
      "type": "Feature",
      "properties": {
        "@id": "way/372357423",
        "highway": "living_street"
      },
      "geometry": {
        "type": "LineString",
        "coordinates": [
          [
            10.28552,
            36.9139287
          ],
          [
            10.2852008,
            36.9136785
          ]
        ]
      },
      "id": "way/372357423"
    },
    {
      "type": "Feature",
      "properties": {
        "@id": "way/372521445",
        "highway": "residential",
        "name": "نهج ابو عبيد الثقفي",
        "name:ar": "نهج ابو عبيد الثقفي",
        "name:fr": "Rue Abou Oubeid Ethakafi",
        "surface": "asphalt",
        "width": "4.4"
      },
      "geometry": {
        "type": "LineString",
        "coordinates": [
          [
            10.2972452,
            36.9048571
          ],
          [
            10.2975246,
            36.9052895
          ],
          [
            10.2969634,
            36.9057943
          ]
        ]
      },
      "id": "way/372521445"
    },
    {
      "type": "Feature",
      "properties": {
        "@id": "way/372521446",
        "highway": "residential"
      },
      "geometry": {
        "type": "LineString",
        "coordinates": [
          [
            10.3039419,
            36.9060973
          ],
          [
            10.303708,
            36.9059335
          ]
        ]
      },
      "id": "way/372521446"
    },
    {
      "type": "Feature",
      "properties": {
        "@id": "way/472918914",
        "highway": "residential",
        "lit": "yes",
        "name": "نهج صلامبو",
        "name:ar": "نهج صلامبو",
        "name:fr": "Rue Salambo",
        "surface": "dirt"
      },
      "geometry": {
        "type": "LineString",
        "coordinates": [
          [
            10.2945092,
            36.904574
          ],
          [
            10.2934901,
            36.9056052
          ]
        ]
      },
      "id": "way/472918914"
    },
    {
      "type": "Feature",
      "properties": {
        "@id": "way/476515166",
        "highway": "residential",
        "lit": "no",
        "name": "زنقة 4 حسن حسني عبد الوهاب",
        "name:ar": "زنقة 4 حسن حسني عبد الوهاب",
        "name:fr": "Impasse 4 Hassen Hosni Abdelwahab",
        "surface": "dirt"
      },
      "geometry": {
        "type": "LineString",
        "coordinates": [
          [
            10.2953916,
            36.909154
          ],
          [
            10.2951229,
            36.9091529
          ]
        ]
      },
      "id": "way/476515166"
    },
    {
      "type": "Feature",
      "properties": {
        "@id": "way/490866089",
        "highway": "residential",
        "lanes": "2",
        "lit": "yes",
        "name": "نهج دقة",
        "name:ar": "نهج دقة",
        "name:fr": "Rue de Dougga",
        "surface": "asphalt"
      },
      "geometry": {
        "type": "LineString",
        "coordinates": [
          [
            10.2928926,
            36.9146297
          ],
          [
            10.2924273,
            36.9143826
          ],
          [
            10.29221,
            36.9142309
          ],
          [
            10.2919507,
            36.9140356
          ]
        ]
      },
      "id": "way/490866089"
    },
    {
      "type": "Feature",
      "properties": {
        "@id": "way/541910648",
        "highway": "residential",
        "name": "نهج صدربعل",
        "name:ar": "نهج صدربعل",
        "name:fr": "Rue Asdrubal",
        "surface": "dirt"
      },
      "geometry": {
        "type": "LineString",
        "coordinates": [
          [
            10.291895,
            36.9041989
          ],
          [
            10.2923991,
            36.9044829
          ],
          [
            10.2924809,
            36.9045815
          ],
          [
            10.2924836,
            36.9046501
          ],
          [
            10.2924541,
            36.9047284
          ],
          [
            10.2923253,
            36.9048989
          ],
          [
            10.2925546,
            36.9050276
          ],
          [
            10.2929513,
            36.905277
          ]
        ]
      },
      "id": "way/541910648"
    },
    {
      "type": "Feature",
      "properties": {
        "@id": "way/541910649",
        "highway": "residential"
      },
      "geometry": {
        "type": "LineString",
        "coordinates": [
          [
            10.2918532,
            36.9052571
          ],
          [
            10.2922207,
            36.9054255
          ],
          [
            10.2926498,
            36.9056187
          ]
        ]
      },
      "id": "way/541910649"
    },
    {
      "type": "Feature",
      "properties": {
        "@id": "way/541910671",
        "highway": "tertiary",
        "name": "نهج حسان بن النعمان",
        "name:ar": "نهج حسان بن النعمان",
        "name:fr": "Rue Hassen Ibn Nooman",
        "surface": "asphalt"
      },
      "geometry": {
        "type": "LineString",
        "coordinates": [
          [
            10.3091535,
            36.90242
          ],
          [
            10.3096524,
            36.9022362
          ],
          [
            10.3097784,
            36.9021846
          ],
          [
            10.3099528,
            36.9021064
          ],
          [
            10.310103,
            36.9020044
          ],
          [
            10.3102505,
            36.9018951
          ],
          [
            10.310402,
            36.9017568
          ],
          [
            10.3105644,
            36.9015594
          ],
          [
            10.310673,
            36.901405
          ],
          [
            10.3107521,
            36.9011733
          ],
          [
            10.3107602,
            36.9009492
          ],
          [
            10.3107353,
            36.9007529
          ],
          [
            10.3107052,
            36.9006618
          ],
          [
            10.3106555,
            36.9005406
          ],
          [
            10.3105878,
            36.9004162
          ],
          [
            10.3105295,
            36.9003095
          ],
          [
            10.3104906,
            36.9002494
          ],
          [
            10.3104134,
            36.9001255
          ],
          [
            10.3102946,
            36.8999755
          ],
          [
            10.3100386,
            36.8997208
          ],
          [
            10.3097298,
            36.8994928
          ],
          [
            10.3093761,
            36.8992806
          ]
        ]
      },
      "id": "way/541910671"
    },
    {
      "type": "Feature",
      "properties": {
        "@id": "way/545638084",
        "highway": "residential",
        "lanes": "1"
      },
      "geometry": {
        "type": "LineString",
        "coordinates": [
          [
            10.2917778,
            36.9143544
          ],
          [
            10.2915522,
            36.9142046
          ]
        ]
      },
      "id": "way/545638084"
    },
    {
      "type": "Feature",
      "properties": {
        "@id": "way/545638086",
        "highway": "residential",
        "lanes": "1"
      },
      "geometry": {
        "type": "LineString",
        "coordinates": [
          [
            10.29221,
            36.9142309
          ],
          [
            10.2920141,
            36.914397
          ],
          [
            10.2917778,
            36.9143544
          ]
        ]
      },
      "id": "way/545638086"
    },
    {
      "type": "Feature",
      "properties": {
        "@id": "way/545638089",
        "highway": "residential",
        "name": "نهج دقة",
        "name:ar": "نهج دقة",
        "name:fr": "Rue de Dougga",
        "surface": "asphalt"
      },
      "geometry": {
        "type": "LineString",
        "coordinates": [
          [
            10.2919507,
            36.9140356
          ],
          [
            10.2919646,
            36.9140212
          ],
          [
            10.2919619,
            36.9140019
          ],
          [
            10.29195,
            36.913988
          ],
          [
            10.2923722,
            36.9136224
          ]
        ]
      },
      "id": "way/545638089"
    },
    {
      "type": "Feature",
      "properties": {
        "@id": "way/576406753",
        "highway": "residential",
        "name": "زنقة 1 عبد الكريم الخطابي",
        "name:ar": "زنقة 1 عبد الكريم الخطابي",
        "name:fr": "Impasse 1 Abdelkarim El Khatabi"
      },
      "geometry": {
        "type": "LineString",
        "coordinates": [
          [
            10.293355,
            36.9084027
          ],
          [
            10.2935578,
            36.9084731
          ]
        ]
      },
      "id": "way/576406753"
    },
    {
      "type": "Feature",
      "properties": {
        "@id": "way/589394963",
        "access": "private",
        "highway": "residential"
      },
      "geometry": {
        "type": "LineString",
        "coordinates": [
          [
            10.2991915,
            36.9080038
          ],
          [
            10.2994925,
            36.9075689
          ],
          [
            10.2998758,
            36.9070591
          ],
          [
            10.2998972,
            36.907026
          ],
          [
            10.2999042,
            36.9070092
          ],
          [
            10.2999053,
            36.9069915
          ],
          [
            10.2999005,
            36.9069742
          ],
          [
            10.2998901,
            36.9069585
          ],
          [
            10.2997886,
            36.9068667
          ],
          [
            10.2997631,
            36.9068291
          ],
          [
            10.2997724,
            36.906783
          ]
        ]
      },
      "id": "way/589394963"
    },
    {
      "type": "Feature",
      "properties": {
        "@id": "way/589394964",
        "access": "private",
        "highway": "pedestrian"
      },
      "geometry": {
        "type": "LineString",
        "coordinates": [
          [
            10.3001309,
            36.907887
          ],
          [
            10.2997943,
            36.9077151
          ],
          [
            10.2994925,
            36.9075689
          ]
        ]
      },
      "id": "way/589394964"
    },
    {
      "type": "Feature",
      "properties": {
        "@id": "way/589394965",
        "access": "private",
        "highway": "residential"
      },
      "geometry": {
        "type": "LineString",
        "coordinates": [
          [
            10.2998758,
            36.9070591
          ],
          [
            10.3004354,
            36.9073409
          ],
          [
            10.3004551,
            36.9073609
          ],
          [
            10.3004679,
            36.9073842
          ],
          [
            10.3004729,
            36.9074093
          ],
          [
            10.3004699,
            36.9074347
          ],
          [
            10.3004591,
            36.9074586
          ],
          [
            10.3001309,
            36.907887
          ],
          [
            10.2998079,
            36.9083158
          ]
        ]
      },
      "id": "way/589394965"
    },
    {
      "type": "Feature",
      "properties": {
        "@id": "way/633848424",
        "highway": "residential",
        "lit": "no",
        "name": "زنقة 6 حسن حسني عبد الوهاب",
        "name:ar": "زنقة 6 حسن حسني عبد الوهاب",
        "name:fr": "Impasse 6 Hassen Hosni Abdelwaheb",
        "surface": "asphalt"
      },
      "geometry": {
        "type": "LineString",
        "coordinates": [
          [
            10.2937432,
            36.9104992
          ],
          [
            10.2949613,
            36.9110376
          ]
        ]
      },
      "id": "way/633848424"
    },
    {
      "type": "Feature",
      "properties": {
        "@id": "way/694422407",
        "highway": "residential",
        "lit": "yes",
        "name": "نهج الفارابي",
        "name:ar": "نهج الفارابي",
        "name:fr": "Rue El Farabi",
        "surface": "asphalt"
      },
      "geometry": {
        "type": "LineString",
        "coordinates": [
          [
            10.2935187,
            36.9081221
          ],
          [
            10.2942133,
            36.9083529
          ],
          [
            10.2946636,
            36.9084953
          ],
          [
            10.2950464,
            36.9086179
          ],
          [
            10.2954112,
            36.9086981
          ]
        ]
      },
      "id": "way/694422407"
    },
    {
      "type": "Feature",
      "properties": {
        "@id": "way/694429824",
        "highway": "residential"
      },
      "geometry": {
        "type": "LineString",
        "coordinates": [
          [
            10.2982775,
            36.9092257
          ],
          [
            10.2980143,
            36.9095873
          ]
        ]
      },
      "id": "way/694429824"
    },
    {
      "type": "Feature",
      "properties": {
        "@id": "way/694429825",
        "highway": "residential"
      },
      "geometry": {
        "type": "LineString",
        "coordinates": [
          [
            10.2937429,
            36.9095959
          ],
          [
            10.2939641,
            36.9091916
          ]
        ]
      },
      "id": "way/694429825"
    },
    {
      "type": "Feature",
      "properties": {
        "@id": "way/694437159",
        "highway": "residential",
        "lanes": "2",
        "lit": "yes",
        "name": "نهج العلاء بن مغيث",
        "name:ar": "نهج العلاء بن مغيث",
        "name:fr": "Rue El Ala Ibn Moughith",
        "surface": "asphalt",
        "width": "5"
      },
      "geometry": {
        "type": "LineString",
        "coordinates": [
          [
            10.2945092,
            36.904574
          ],
          [
            10.2939418,
            36.9042371
          ],
          [
            10.2936228,
            36.9040056
          ],
          [
            10.293546,
            36.903952
          ],
          [
            10.2933861,
            36.9038427
          ]
        ]
      },
      "id": "way/694437159"
    },
    {
      "type": "Feature",
      "properties": {
        "@id": "way/694437160",
        "highway": "residential",
        "lanes": "2",
        "lit": "yes",
        "name": "نهج العلاء بن مغيث",
        "name:ar": "نهج العلاء بن مغيث",
        "name:fr": "Rue El Ala Ibn Moughith",
        "surface": "concrete"
      },
      "geometry": {
        "type": "LineString",
        "coordinates": [
          [
            10.2967135,
            36.9062456
          ],
          [
            10.2960938,
            36.90579
          ],
          [
            10.2955555,
            36.9054237
          ],
          [
            10.295489,
            36.9053641
          ]
        ]
      },
      "id": "way/694437160"
    },
    {
      "type": "Feature",
      "properties": {
        "@id": "way/694437161",
        "highway": "residential"
      },
      "geometry": {
        "type": "LineString",
        "coordinates": [
          [
            10.29955,
            36.9082447
          ],
          [
            10.2992803,
            36.9085728
          ]
        ]
      },
      "id": "way/694437161"
    },
    {
      "type": "Feature",
      "properties": {
        "@id": "way/694437162",
        "highway": "residential"
      },
      "geometry": {
        "type": "LineString",
        "coordinates": [
          [
            10.299881,
            36.9083927
          ],
          [
            10.2996612,
            36.9086962
          ]
        ]
      },
      "id": "way/694437162"
    },
    {
      "type": "Feature",
      "properties": {
        "@id": "way/694437163",
        "highway": "residential"
      },
      "geometry": {
        "type": "LineString",
        "coordinates": [
          [
            10.298713,
            36.9077579
          ],
          [
            10.2984461,
            36.90813
          ],
          [
            10.2982651,
            36.9084034
          ]
        ]
      },
      "id": "way/694437163"
    },
    {
      "type": "Feature",
      "properties": {
        "@id": "way/694440569",
        "highway": "residential",
        "lit": "no",
        "name": "زنقة 10 حسن حسني عبد الوهاب",
        "name:ar": "زنقة 10 حسن حسني عبد الوهاب",
        "name:fr": "Impasse 10 Hassen Hosni Abdelwaheb",
        "surface": "dirt"
      },
      "geometry": {
        "type": "LineString",
        "coordinates": [
          [
            10.2953472,
            36.9101246
          ],
          [
            10.294872,
            36.9099423
          ],
          [
            10.2948158,
            36.909894
          ],
          [
            10.2948171,
            36.9098543
          ],
          [
            10.2948667,
            36.9097836
          ]
        ]
      },
      "id": "way/694440569"
    },
    {
      "type": "Feature",
      "properties": {
        "@id": "way/694440571",
        "highway": "residential",
        "name": "Rue Mohamed Talbi"
      },
      "geometry": {
        "type": "LineString",
        "coordinates": [
          [
            10.2915208,
            36.9092821
          ],
          [
            10.2913222,
            36.9096023
          ]
        ]
      },
      "id": "way/694440571"
    },
    {
      "type": "Feature",
      "properties": {
        "@id": "way/696883138",
        "highway": "residential"
      },
      "geometry": {
        "type": "LineString",
        "coordinates": [
          [
            10.285154,
            36.908836
          ],
          [
            10.2846622,
            36.9085241
          ],
          [
            10.2841298,
            36.9083128
          ],
          [
            10.2838884,
            36.9081842
          ],
          [
            10.2838067,
            36.9081407
          ]
        ]
      },
      "id": "way/696883138"
    },
    {
      "type": "Feature",
      "properties": {
        "@id": "way/696883139",
        "highway": "living_street",
        "name": "نهج النسيم",
        "name:ar": "نهج النسيم",
        "name:fr": "Rue de la Brise",
        "surface": "dirt"
      },
      "geometry": {
        "type": "LineString",
        "coordinates": [
          [
            10.285154,
            36.908836
          ],
          [
            10.2863605,
            36.9094323
          ],
          [
            10.2866618,
            36.9095701
          ],
          [
            10.2867175,
            36.9095921
          ],
          [
            10.2867772,
            36.909606
          ],
          [
            10.2868576,
            36.9096162
          ],
          [
            10.2869198,
            36.9096293
          ],
          [
            10.2883165,
            36.9102574
          ]
        ]
      },
      "id": "way/696883139"
    },
    {
      "type": "Feature",
      "properties": {
        "@id": "way/696918687",
        "highway": "residential",
        "lit": "no",
        "surface": "ground"
      },
      "geometry": {
        "type": "LineString",
        "coordinates": [
          [
            10.2848059,
            36.9095519
          ],
          [
            10.2846668,
            36.9096588
          ],
          [
            10.2845954,
            36.9097096
          ],
          [
            10.284518,
            36.9097777
          ],
          [
            10.284362,
            36.9098563
          ],
          [
            10.2842064,
            36.9099995
          ]
        ]
      },
      "id": "way/696918687"
    },
    {
      "type": "Feature",
      "properties": {
        "@id": "way/697807247",
        "highway": "residential",
        "name": "Rue de la Subsistances"
      },
      "geometry": {
        "type": "LineString",
        "coordinates": [
          [
            10.2952402,
            36.9125929
          ],
          [
            10.2952194,
            36.9126326
          ],
          [
            10.2961676,
            36.9132149
          ]
        ]
      },
      "id": "way/697807247"
    },
    {
      "type": "Feature",
      "properties": {
        "@id": "way/697825122",
        "highway": "residential",
        "surface": "asphalt"
      },
      "geometry": {
        "type": "LineString",
        "coordinates": [
          [
            10.3000156,
            36.9096606
          ],
          [
            10.2997089,
            36.9095063
          ],
          [
            10.2992065,
            36.9102047
          ],
          [
            10.2991513,
            36.9102426
          ],
          [
            10.2989644,
            36.9104986
          ],
          [
            10.2986687,
            36.9109679
          ]
        ]
      },
      "id": "way/697825122"
    },
    {
      "type": "Feature",
      "properties": {
        "@id": "way/698292953",
        "highway": "residential"
      },
      "geometry": {
        "type": "LineString",
        "coordinates": [
          [
            10.3038883,
            36.9061295
          ],
          [
            10.3044301,
            36.906263
          ],
          [
            10.3045535,
            36.906293
          ],
          [
            10.3046823,
            36.9062866
          ],
          [
            10.3048217,
            36.9062651
          ],
          [
            10.3049773,
            36.9062587
          ],
          [
            10.3051114,
            36.9062608
          ],
          [
            10.3052428,
            36.9062673
          ],
          [
            10.3055285,
            36.9062641
          ],
          [
            10.3057525,
            36.9062458
          ],
          [
            10.3060073,
            36.9062072
          ],
          [
            10.3061548,
            36.9061547
          ]
        ]
      },
      "id": "way/698292953"
    },
    {
      "type": "Feature",
      "properties": {
        "@id": "way/698316504",
        "highway": "residential",
        "lanes": "2",
        "lit": "yes",
        "name": "Rue Ibn Khaldoun",
        "oneway": "no",
        "surface": "asphalt"
      },
      "geometry": {
        "type": "LineString",
        "coordinates": [
          [
            10.2851506,
            36.9159673
          ],
          [
            10.284812,
            36.9156688
          ],
          [
            10.2838613,
            36.9147911
          ]
        ]
      },
      "id": "way/698316504"
    },
    {
      "type": "Feature",
      "properties": {
        "@id": "way/698588345",
        "access": "private",
        "highway": "service"
      },
      "geometry": {
        "type": "LineString",
        "coordinates": [
          [
            10.2852737,
            36.9160215
          ],
          [
            10.285491,
            36.9161185
          ],
          [
            10.2855286,
            36.916155
          ],
          [
            10.2867866,
            36.916838
          ],
          [
            10.286926,
            36.9168444
          ],
          [
            10.2881256,
            36.9160691
          ],
          [
            10.2887725,
            36.9156448
          ]
        ]
      },
      "id": "way/698588345"
    },
    {
      "type": "Feature",
      "properties": {
        "@id": "way/698683182",
        "highway": "residential"
      },
      "geometry": {
        "type": "LineString",
        "coordinates": [
          [
            10.3107602,
            36.9009492
          ],
          [
            10.3113743,
            36.9007111
          ],
          [
            10.3114112,
            36.9006897
          ],
          [
            10.311436,
            36.9006666
          ],
          [
            10.3114466,
            36.900634
          ],
          [
            10.3114468,
            36.9006075
          ],
          [
            10.3113,
            36.9003455
          ],
          [
            10.3111437,
            36.9000221
          ],
          [
            10.3111058,
            36.9000184
          ],
          [
            10.3110733,
            36.9000243
          ],
          [
            10.3104906,
            36.9002494
          ]
        ]
      },
      "id": "way/698683182"
    },
    {
      "type": "Feature",
      "properties": {
        "@id": "way/698715204",
        "highway": "residential"
      },
      "geometry": {
        "type": "LineString",
        "coordinates": [
          [
            10.3099555,
            36.9056709
          ],
          [
            10.3092182,
            36.905305
          ]
        ]
      },
      "id": "way/698715204"
    },
    {
      "type": "Feature",
      "properties": {
        "@id": "way/698765276",
        "highway": "residential",
        "lit": "yes",
        "name": "زنقة الفل 1",
        "name:ar": "زنقة الفل 1",
        "name:fr": "Impasse El Fel n°1",
        "surface": "dirt"
      },
      "geometry": {
        "type": "LineString",
        "coordinates": [
          [
            10.2863883,
            36.9104668
          ],
          [
            10.2867605,
            36.9099819
          ]
        ]
      },
      "id": "way/698765276"
    },
    {
      "type": "Feature",
      "properties": {
        "@id": "way/698765277",
        "highway": "residential",
        "lit": "yes",
        "name": "زنقة الفل 2",
        "name:ar": "زنقة الفل 2",
        "name:fr": "Impasse El Fel n°2",
        "surface": "ground"
      },
      "geometry": {
        "type": "LineString",
        "coordinates": [
          [
            10.2861874,
            36.9103877
          ],
          [
            10.286544,
            36.9099255
          ]
        ]
      },
      "id": "way/698765277"
    },
    {
      "type": "Feature",
      "properties": {
        "@id": "way/737041589",
        "highway": "residential",
        "surface": "asphalt"
      },
      "geometry": {
        "type": "LineString",
        "coordinates": [
          [
            10.289698,
            36.9085861
          ],
          [
            10.2896679,
            36.908634
          ],
          [
            10.2891878,
            36.9090457
          ],
          [
            10.2891483,
            36.9090898
          ],
          [
            10.2887752,
            36.9096189
          ],
          [
            10.2887446,
            36.9096623
          ],
          [
            10.2883165,
            36.9102574
          ],
          [
            10.2879453,
            36.9107154
          ],
          [
            10.2875862,
            36.9110872
          ]
        ]
      },
      "id": "way/737041589"
    },
    {
      "type": "Feature",
      "properties": {
        "@id": "way/756600133",
        "highway": "service",
        "postal_code": "1057"
      },
      "geometry": {
        "type": "LineString",
        "coordinates": [
          [
            10.2963168,
            36.906839
          ],
          [
            10.295831,
            36.9065895
          ],
          [
            10.2956154,
            36.9064721
          ],
          [
            10.2955319,
            36.9064411
          ]
        ]
      },
      "id": "way/756600133"
    },
    {
      "type": "Feature",
      "properties": {
        "@id": "way/759165761",
        "highway": "residential",
        "surface": "dirt"
      },
      "geometry": {
        "type": "LineString",
        "coordinates": [
          [
            10.2884987,
            36.9081616
          ],
          [
            10.2881974,
            36.9080088
          ],
          [
            10.2878943,
            36.9085064
          ],
          [
            10.2881173,
            36.9086064
          ]
        ]
      },
      "id": "way/759165761"
    },
    {
      "type": "Feature",
      "properties": {
        "@id": "way/759365117",
        "highway": "living_street"
      },
      "geometry": {
        "type": "LineString",
        "coordinates": [
          [
            10.2929488,
            36.9090483
          ],
          [
            10.2933057,
            36.9091776
          ]
        ]
      },
      "id": "way/759365117"
    },
    {
      "type": "Feature",
      "properties": {
        "@id": "way/759365127",
        "highway": "residential",
        "name": "زنقة 6 حسن حسني عبد الوهاب",
        "name:ar": "زنقة 6 حسن حسني عبد الوهاب",
        "name:fr": "Impasse 6 Hassen Hosni Abdelwaheb",
        "surface": "compacted"
      },
      "geometry": {
        "type": "LineString",
        "coordinates": [
          [
            10.2942317,
            36.9129541
          ],
          [
            10.2946441,
            36.9132288
          ],
          [
            10.2952489,
            36.9136405
          ]
        ]
      },
      "id": "way/759365127"
    },
    {
      "type": "Feature",
      "properties": {
        "@id": "way/761156885",
        "highway": "residential",
        "name": "Impasse Clupea",
        "surface": "dirt"
      },
      "geometry": {
        "type": "LineString",
        "coordinates": [
          [
            10.290897,
            36.9133039
          ],
          [
            10.2913865,
            36.9134979
          ],
          [
            10.291467,
            36.9135805
          ],
          [
            10.2912685,
            36.9137907
          ]
        ]
      },
      "id": "way/761156885"
    },
    {
      "type": "Feature",
      "properties": {
        "@id": "way/761286090",
        "highway": "residential",
        "lanes": "2",
        "name": "نهج دقة",
        "name:ar": "نهج دقة",
        "name:fr": "Rue de Dougga"
      },
      "geometry": {
        "type": "LineString",
        "coordinates": [
          [
            10.291898,
            36.91399
          ],
          [
            10.2916735,
            36.9140212
          ],
          [
            10.291638,
            36.9140528
          ]
        ]
      },
      "id": "way/761286090"
    },
    {
      "type": "Feature",
      "properties": {
        "@id": "way/761331735",
        "highway": "residential",
        "name": "Rue de la Bienfaisance"
      },
      "geometry": {
        "type": "LineString",
        "coordinates": [
          [
            10.296405,
            36.9115668
          ],
          [
            10.2961448,
            36.9113931
          ]
        ]
      },
      "id": "way/761331735"
    },
    {
      "type": "Feature",
      "properties": {
        "@id": "way/761652063",
        "access": "yes",
        "bicycle": "yes",
        "foot": "yes",
        "highway": "residential",
        "lit": "yes",
        "motor_vehicle": "yes",
        "name": "نهج العنبر",
        "name:ar": "نهج العنبر",
        "name:fr": "Rue El Amber",
        "oneway": "no",
        "surface": "unpaved"
      },
      "geometry": {
        "type": "LineString",
        "coordinates": [
          [
            10.2963433,
            36.9107942
          ],
          [
            10.2963895,
            36.9107931
          ],
          [
            10.2964291,
            36.9107384
          ],
          [
            10.296523,
            36.9106022
          ],
          [
            10.2965847,
            36.9105674
          ],
          [
            10.2966564,
            36.9105615
          ],
          [
            10.2967577,
            36.9106022
          ],
          [
            10.2970809,
            36.910747
          ],
          [
            10.2975865,
            36.9109293
          ],
          [
            10.2982064,
            36.9111643
          ]
        ]
      },
      "id": "way/761652063"
    },
    {
      "type": "Feature",
      "properties": {
        "@id": "way/761652064",
        "highway": "residential",
        "name": "نهج العنبر",
        "name:ar": "نهج العنبر",
        "name:fr": "Rue El Amber",
        "surface": "asphalt"
      },
      "geometry": {
        "type": "LineString",
        "coordinates": [
          [
            10.2980954,
            36.9114457
          ],
          [
            10.2979942,
            36.9115614
          ]
        ]
      },
      "id": "way/761652064"
    },
    {
      "type": "Feature",
      "properties": {
        "@id": "way/762183779",
        "highway": "living_street",
        "lit": "yes",
        "name": "زنقة 2 حسن حسني عبد الوهاب",
        "name:ar": "زنقة 2 حسن حسني عبد الوهاب",
        "name:fr": "Impasse 2 Hassen Hosni Abdelwaheb",
        "surface": "dirt"
      },
      "geometry": {
        "type": "LineString",
        "coordinates": [
          [
            10.2955081,
            36.9084252
          ],
          [
            10.2959906,
            36.9086018
          ]
        ]
      },
      "id": "way/762183779"
    },
    {
      "type": "Feature",
      "properties": {
        "@id": "way/762183780",
        "highway": "living_street",
        "lit": "yes",
        "name": "زنقة 8 حسن حسني عبد الوهاب",
        "name:ar": "زنقة 8 حسن حسني عبد الوهاب",
        "name:fr": "Impasse 8 Hassen Hosni Abdelwaheb",
        "surface": "dirt"
      },
      "geometry": {
        "type": "LineString",
        "coordinates": [
          [
            10.2955748,
            36.9083007
          ],
          [
            10.2952952,
            36.9082088
          ]
        ]
      },
      "id": "way/762183780"
    },
    {
      "type": "Feature",
      "properties": {
        "@id": "way/764340123",
        "highway": "residential"
      },
      "geometry": {
        "type": "LineString",
        "coordinates": [
          [
            10.2919433,
            36.9084279
          ],
          [
            10.2918077,
            36.9086243
          ],
          [
            10.2917272,
            36.9086468
          ],
          [
            10.2909333,
            36.9082844
          ]
        ]
      },
      "id": "way/764340123"
    },
    {
      "type": "Feature",
      "properties": {
        "@id": "way/764341201",
        "highway": "residential"
      },
      "geometry": {
        "type": "LineString",
        "coordinates": [
          [
            10.3042424,
            36.9035097
          ],
          [
            10.3035927,
            36.903823
          ]
        ]
      },
      "id": "way/764341201"
    },
    {
      "type": "Feature",
      "properties": {
        "@id": "way/764507094",
        "access": "private",
        "highway": "residential",
        "tunnel": "building_passage"
      },
      "geometry": {
        "type": "LineString",
        "coordinates": [
          [
            10.2938146,
            36.9117213
          ],
          [
            10.2938814,
            36.9116192
          ]
        ]
      },
      "id": "way/764507094"
    },
    {
      "type": "Feature",
      "properties": {
        "@id": "way/764507095",
        "access": "private",
        "highway": "residential"
      },
      "geometry": {
        "type": "LineString",
        "coordinates": [
          [
            10.2935963,
            36.9120455
          ],
          [
            10.2937952,
            36.9117502
          ],
          [
            10.2938146,
            36.9117213
          ]
        ]
      },
      "id": "way/764507095"
    },
    {
      "type": "Feature",
      "properties": {
        "@id": "way/764547108",
        "highway": "residential",
        "width": "8"
      },
      "geometry": {
        "type": "LineString",
        "coordinates": [
          [
            10.289698,
            36.9085861
          ],
          [
            10.2899412,
            36.90818
          ]
        ]
      },
      "id": "way/764547108"
    },
    {
      "type": "Feature",
      "properties": {
        "@id": "way/764878985",
        "highway": "service"
      },
      "geometry": {
        "type": "LineString",
        "coordinates": [
          [
            10.2986554,
            36.9121888
          ],
          [
            10.2981175,
            36.9118638
          ],
          [
            10.2980196,
            36.9119732
          ],
          [
            10.2979486,
            36.9119389
          ]
        ]
      },
      "id": "way/764878985"
    },
    {
      "type": "Feature",
      "properties": {
        "@id": "way/764883454",
        "access": "private",
        "highway": "residential"
      },
      "geometry": {
        "type": "LineString",
        "coordinates": [
          [
            10.2940124,
            36.9114247
          ],
          [
            10.2940447,
            36.9113767
          ],
          [
            10.2941763,
            36.9111815
          ]
        ]
      },
      "id": "way/764883454"
    },
    {
      "type": "Feature",
      "properties": {
        "@id": "way/764883455",
        "access": "private",
        "highway": "residential",
        "tunnel": "building_passage"
      },
      "geometry": {
        "type": "LineString",
        "coordinates": [
          [
            10.2939553,
            36.9115094
          ],
          [
            10.2940124,
            36.9114247
          ]
        ]
      },
      "id": "way/764883455"
    },
    {
      "type": "Feature",
      "properties": {
        "@id": "way/775818152",
        "highway": "service",
        "surface": "ground"
      },
      "geometry": {
        "type": "LineString",
        "coordinates": [
          [
            10.2982968,
            36.9046579
          ],
          [
            10.2980813,
            36.9049177
          ],
          [
            10.2981953,
            36.9049751
          ]
        ]
      },
      "id": "way/775818152"
    },
    {
      "type": "Feature",
      "properties": {
        "@id": "way/781126512",
        "highway": "service"
      },
      "geometry": {
        "type": "LineString",
        "coordinates": [
          [
            10.2922207,
            36.9054255
          ],
          [
            10.2918492,
            36.9059155
          ]
        ]
      },
      "id": "way/781126512"
    },
    {
      "type": "Feature",
      "properties": {
        "@id": "way/781126513",
        "highway": "residential",
        "tracktype": "grade4"
      },
      "geometry": {
        "type": "LineString",
        "coordinates": [
          [
            10.2923253,
            36.9048989
          ],
          [
            10.2919109,
            36.9047263
          ]
        ]
      },
      "id": "way/781126513"
    },
    {
      "type": "Feature",
      "properties": {
        "@id": "way/782615257",
        "highway": "residential",
        "lit": "yes",
        "name": "نهج الفارابي",
        "name:ar": "نهج الفارابي",
        "name:fr": "Rue El Farabi",
        "surface": "dirt"
      },
      "geometry": {
        "type": "LineString",
        "coordinates": [
          [
            10.2934935,
            36.9081633
          ],
          [
            10.2927888,
            36.907878
          ],
          [
            10.2920958,
            36.9075334
          ],
          [
            10.2903012,
            36.906671
          ],
          [
            10.2897243,
            36.9063902
          ],
          [
            10.2893109,
            36.9061856
          ],
          [
            10.288758,
            36.9059295
          ]
        ]
      },
      "id": "way/782615257"
    },
    {
      "type": "Feature",
      "properties": {
        "@id": "way/795919295",
        "access": "private",
        "highway": "residential",
        "smoothness": "intermediate",
        "surface": "ground"
      },
      "geometry": {
        "type": "LineString",
        "coordinates": [
          [
            10.2882949,
            36.9123088
          ],
          [
            10.2882993,
            36.9123656
          ],
          [
            10.2882899,
            36.9123967
          ],
          [
            10.2882604,
            36.9124289
          ],
          [
            10.2882175,
            36.9124621
          ],
          [
            10.2881169,
            36.9125082
          ],
          [
            10.2879533,
            36.9125854
          ],
          [
            10.2877186,
            36.9127088
          ],
          [
            10.287504,
            36.9128278
          ],
          [
            10.2874303,
            36.9128932
          ],
          [
            10.2873659,
            36.912964
          ],
          [
            10.287331,
            36.9130283
          ],
          [
            10.2873176,
            36.9130862
          ],
          [
            10.2873364,
            36.913143
          ],
          [
            10.2876931,
            36.9134207
          ]
        ]
      },
      "id": "way/795919295"
    },
    {
      "type": "Feature",
      "properties": {
        "@id": "way/803230898",
        "highway": "residential",
        "lit": "yes",
        "name": "نهج ماجون",
        "name:ar": "نهج ماجون",
        "name:fr": "Rue Magon",
        "surface": "dirt"
      },
      "geometry": {
        "type": "LineString",
        "coordinates": [
          [
            10.2935127,
            36.9047072
          ],
          [
            10.2931028,
            36.9044821
          ]
        ]
      },
      "id": "way/803230898"
    },
    {
      "type": "Feature",
      "properties": {
        "@id": "way/803614073",
        "highway": "service"
      },
      "geometry": {
        "type": "LineString",
        "coordinates": [
          [
            10.2891878,
            36.9090457
          ],
          [
            10.2899982,
            36.9093288
          ],
          [
            10.2900944,
            36.9093647
          ],
          [
            10.290868,
            36.9096347
          ]
        ]
      },
      "id": "way/803614073"
    },
    {
      "type": "Feature",
      "properties": {
        "@id": "way/803614079",
        "highway": "residential"
      },
      "geometry": {
        "type": "LineString",
        "coordinates": [
          [
            10.2916387,
            36.9110231
          ],
          [
            10.2919364,
            36.9111411
          ]
        ]
      },
      "id": "way/803614079"
    },
    {
      "type": "Feature",
      "properties": {
        "@id": "way/819930406",
        "highway": "residential",
        "name": "Rue Radhia Haddad",
        "surface": "ground"
      },
      "geometry": {
        "type": "LineString",
        "coordinates": [
          [
            10.2900622,
            36.9043576
          ],
          [
            10.2891657,
            36.905478
          ],
          [
            10.2889377,
            36.9057311
          ],
          [
            10.2887935,
            36.9058614
          ],
          [
            10.288758,
            36.9059295
          ]
        ]
      },
      "id": "way/819930406"
    },
    {
      "type": "Feature",
      "properties": {
        "@id": "way/921615802",
        "highway": "residential",
        "lit": "yes",
        "name": "نهج معاوية ابن ابي سفيان",
        "name:ar": "نهج معاوية ابن ابي سفيان",
        "name:fr": "Rue Mouaouia Ibn Abi Souffiane",
        "surface": "asphalt",
        "width": "4.2"
      },
      "geometry": {
        "type": "LineString",
        "coordinates": [
          [
            10.2969096,
            36.9048259
          ],
          [
            10.2960938,
            36.90579
          ]
        ]
      },
      "id": "way/921615802"
    },
    {
      "type": "Feature",
      "properties": {
        "@id": "way/954009813",
        "highway": "living_street"
      },
      "geometry": {
        "type": "LineString",
        "coordinates": [
          [
            10.3011678,
            36.9065479
          ],
          [
            10.3008199,
            36.9069171
          ]
        ]
      },
      "id": "way/954009813"
    },
    {
      "type": "Feature",
      "properties": {
        "@id": "way/954009814",
        "highway": "living_street"
      },
      "geometry": {
        "type": "LineString",
        "coordinates": [
          [
            10.3008091,
            36.9063402
          ],
          [
            10.3011678,
            36.9065479
          ],
          [
            10.3012611,
            36.9066019
          ],
          [
            10.3012839,
            36.9066265
          ],
          [
            10.3014797,
            36.906752
          ],
          [
            10.3015119,
            36.9067799
          ],
          [
            10.30154,
            36.9068646
          ]
        ]
      },
      "id": "way/954009814"
    },
    {
      "type": "Feature",
      "properties": {
        "@id": "way/974042108",
        "highway": "living_street"
      },
      "geometry": {
        "type": "LineString",
        "coordinates": [
          [
            10.2960588,
            36.9073555
          ],
          [
            10.2962668,
            36.907434
          ]
        ]
      },
      "id": "way/974042108"
    },
    {
      "type": "Feature",
      "properties": {
        "@id": "way/974042111",
        "highway": "living_street"
      },
      "geometry": {
        "type": "LineString",
        "coordinates": [
          [
            10.2954271,
            36.908645
          ],
          [
            10.2956901,
            36.9087198
          ],
          [
            10.2957787,
            36.9087155
          ],
          [
            10.2958189,
            36.908709
          ]
        ]
      },
      "id": "way/974042111"
    },
    {
      "type": "Feature",
      "properties": {
        "@id": "way/1044169480",
        "highway": "residential",
        "lit": "yes",
        "name": "زنقة جازية الهلالية",
        "name:ar": "زنقة جازية الهلالية",
        "name:fr": "Impasse Jazia El Hilalia",
        "postal_code": "1057",
        "surface": "ground"
      },
      "geometry": {
        "type": "LineString",
        "coordinates": [
          [
            10.2886784,
            36.9079314
          ],
          [
            10.2884987,
            36.9081616
          ],
          [
            10.2883455,
            36.9083229
          ],
          [
            10.2881173,
            36.9086064
          ],
          [
            10.2880407,
            36.9087041
          ]
        ]
      },
      "id": "way/1044169480"
    },
    {
      "type": "Feature",
      "properties": {
        "@id": "way/1062042269",
        "highway": "residential"
      },
      "geometry": {
        "type": "LineString",
        "coordinates": [
          [
            10.299177,
            36.909212
          ],
          [
            10.2997089,
            36.9095063
          ]
        ]
      },
      "id": "way/1062042269"
    },
    {
      "type": "Feature",
      "properties": {
        "@id": "way/1096499745",
        "highway": "tertiary",
        "maxspeed:forward": "50",
        "name": "شارع فرحات حشاد",
        "name:ar": "شارع فرحات حشاد",
        "name:fr": "Avenue Farhat Hached",
        "postal_code": "1057",
        "surface": "asphalt",
        "width": "8"
      },
      "geometry": {
        "type": "LineString",
        "coordinates": [
          [
            10.3013252,
            36.9039806
          ],
          [
            10.3017728,
            36.9037863
          ],
          [
            10.3028637,
            36.9033074
          ],
          [
            10.3035101,
            36.9030094
          ],
          [
            10.3037743,
            36.9028731
          ],
          [
            10.3039917,
            36.9027471
          ],
          [
            10.3048164,
            36.9022238
          ],
          [
            10.3062404,
            36.9013718
          ],
          [
            10.306326,
            36.9013206
          ],
          [
            10.3068696,
            36.9009953
          ],
          [
            10.3072733,
            36.9007176
          ],
          [
            10.3074,
            36.9006312
          ],
          [
            10.3076166,
            36.9004843
          ],
          [
            10.3078356,
            36.9003267
          ]
        ]
      },
      "id": "way/1096499745"
    },
    {
      "type": "Feature",
      "properties": {
        "@id": "way/1096500151",
        "highway": "tertiary",
        "name": "شارع فرحات حشاد",
        "name:ar": "شارع فرحات حشاد",
        "name:fr": "Avenue Farhat Hached",
        "postal_code": "1057",
        "surface": "asphalt",
        "width": "8"
      },
      "geometry": {
        "type": "LineString",
        "coordinates": [
          [
            10.2992477,
            36.904937
          ],
          [
            10.2996979,
            36.904708
          ],
          [
            10.3005409,
            36.9043242
          ],
          [
            10.3010947,
            36.9040807
          ],
          [
            10.3013252,
            36.9039806
          ]
        ]
      },
      "id": "way/1096500151"
    },
    {
      "type": "Feature",
      "properties": {
        "@id": "way/1161255859",
        "highway": "residential",
        "name": "Rue Zoubayer Ibn Bakar",
        "surface": "ground"
      },
      "geometry": {
        "type": "LineString",
        "coordinates": [
          [
            10.2825604,
            36.9138402
          ],
          [
            10.2832219,
            36.9133489
          ],
          [
            10.2835961,
            36.9130808
          ],
          [
            10.2838656,
            36.9129018
          ],
          [
            10.2846515,
            36.9123647
          ]
        ]
      },
      "id": "way/1161255859"
    },
    {
      "type": "Feature",
      "properties": {
        "@id": "way/1253231857",
        "highway": "living_street",
        "width": "1"
      },
      "geometry": {
        "type": "LineString",
        "coordinates": [
          [
            10.29987,
            36.9055233
          ],
          [
            10.2994572,
            36.9053768
          ]
        ]
      },
      "id": "way/1253231857"
    },
    {
      "type": "Feature",
      "properties": {
        "@id": "way/1253233168",
        "highway": "tertiary",
        "lanes": "2",
        "name": "شارع البيئة",
        "name:ar": "شارع البيئة",
        "name:fr": "Boulevard de l'Environnement",
        "width": "7.7"
      },
      "geometry": {
        "type": "LineString",
        "coordinates": [
          [
            10.3031155,
            36.9065289
          ],
          [
            10.3027122,
            36.9063099
          ],
          [
            10.3023327,
            36.9061602
          ],
          [
            10.3021972,
            36.9061089
          ],
          [
            10.3017874,
            36.9059606
          ],
          [
            10.3015552,
            36.9058687
          ],
          [
            10.3015126,
            36.9058526
          ],
          [
            10.3007742,
            36.9055395
          ],
          [
            10.3007472,
            36.9055281
          ],
          [
            10.3000668,
            36.9052887
          ],
          [
            10.2996062,
            36.9051306
          ],
          [
            10.2992763,
            36.9050174
          ],
          [
            10.2992252,
            36.9049861
          ]
        ]
      },
      "id": "way/1253233168"
    },
    {
      "type": "Feature",
      "properties": {
        "@id": "way/1257956317",
        "highway": "living_street"
      },
      "geometry": {
        "type": "LineString",
        "coordinates": [
          [
            10.2879453,
            36.9107154
          ],
          [
            10.2876502,
            36.9106146
          ],
          [
            10.2874303,
            36.910576
          ]
        ]
      },
      "id": "way/1257956317"
    },
    {
      "type": "Feature",
      "properties": {
        "@id": "way/1257956318",
        "highway": "residential",
        "name": "نهج الحرّيّة",
        "name:ar": "نهج الحرّيّة",
        "name:fr": "Rue de la Liberté",
        "short_name:ar": "الحرية",
        "short_name:fr": "Liberté",
        "surface": "asphalt",
        "width": "4"
      },
      "geometry": {
        "type": "LineString",
        "coordinates": [
          [
            10.2884643,
            36.9094858
          ],
          [
            10.2885061,
            36.9092967
          ],
          [
            10.2885741,
            36.9089761
          ],
          [
            10.2886216,
            36.9089292
          ],
          [
            10.2890904,
            36.9086888
          ],
          [
            10.289326,
            36.9083855
          ],
          [
            10.2895868,
            36.9080453
          ]
        ]
      },
      "id": "way/1257956318"
    },
    {
      "type": "Feature",
      "properties": {
        "@id": "way/1263842138",
        "highway": "residential"
      },
      "geometry": {
        "type": "LineString",
        "coordinates": [
          [
            10.2860309,
            36.9147566
          ],
          [
            10.2872941,
            36.9138134
          ]
        ]
      },
      "id": "way/1263842138"
    },
    {
      "type": "Feature",
      "properties": {
        "@id": "way/1266021336",
        "highway": "residential"
      },
      "geometry": {
        "type": "LineString",
        "coordinates": [
          [
            10.291895,
            36.9041989
          ],
          [
            10.2919632,
            36.9043134
          ],
          [
            10.2919498,
            36.9044249
          ],
          [
            10.2918935,
            36.9045086
          ],
          [
            10.2914161,
            36.9050459
          ]
        ]
      },
      "id": "way/1266021336"
    },
    {
      "type": "Feature",
      "properties": {
        "@id": "way/1266021337",
        "highway": "residential",
        "lit": "no",
        "name": "Rue Hadhra Mout",
        "surface": "ground"
      },
      "geometry": {
        "type": "LineString",
        "coordinates": [
          [
            10.2905826,
            36.9046394
          ],
          [
            10.290362,
            36.9045139
          ],
          [
            10.2900622,
            36.9043576
          ]
        ]
      },
      "id": "way/1266021337"
    },
    {
      "type": "Feature",
      "properties": {
        "@id": "way/1266021338",
        "foot": "yes",
        "highway": "residential",
        "lit": "no",
        "motor_vehicle": "no",
        "surface": "ground"
      },
      "geometry": {
        "type": "LineString",
        "coordinates": [
          [
            10.2901629,
            36.9050864
          ],
          [
            10.2899875,
            36.9049931
          ],
          [
            10.290362,
            36.9045139
          ]
        ]
      },
      "id": "way/1266021338"
    },
    {
      "type": "Feature",
      "properties": {
        "@id": "way/1266021375",
        "foot": "yes",
        "highway": "residential",
        "lit": "yes",
        "name": "Rue Raja Ben Ammar",
        "surface": "ground"
      },
      "geometry": {
        "type": "LineString",
        "coordinates": [
          [
            10.2893109,
            36.9061856
          ],
          [
            10.2901629,
            36.9050864
          ],
          [
            10.2903378,
            36.9049182
          ],
          [
            10.2905309,
            36.9046694
          ],
          [
            10.2905826,
            36.9046394
          ]
        ]
      },
      "id": "way/1266021375"
    },
    {
      "type": "Feature",
      "properties": {
        "@id": "way/1267893571",
        "highway": "living_street",
        "lit": "no",
        "name": "نهج الفل",
        "name:ar": "نهج الفل",
        "name:fr": "Rue El Fell",
        "surface": "concrete"
      },
      "geometry": {
        "type": "LineString",
        "coordinates": [
          [
            10.2848059,
            36.9095519
          ],
          [
            10.2850816,
            36.9097316
          ],
          [
            10.2851809,
            36.9097945
          ],
          [
            10.2854851,
            36.9099799
          ],
          [
            10.2858163,
            36.9101922
          ],
          [
            10.2861874,
            36.9103877
          ]
        ]
      },
      "id": "way/1267893571"
    },
    {
      "type": "Feature",
      "properties": {
        "@id": "way/1305806964",
        "highway": "residential"
      },
      "geometry": {
        "type": "LineString",
        "coordinates": [
          [
            10.2904411,
            36.9121083
          ],
          [
            10.2903365,
            36.9122059
          ],
          [
            10.2902225,
            36.9123442
          ],
          [
            10.2902211,
            36.9123678
          ],
          [
            10.290311,
            36.912445
          ]
        ]
      },
      "id": "way/1305806964"
    }
  ]
}